Workbook

Sheet MAIN
A1: BASIC INFORMATION | K1: Thickness | P1: RIM ANGLE | S1: ACCESSORIES
K3: Roof | L3: type | N3: thickness | P3: SIZE | S3: LADDER
A4: Quote ID | F4: MOC: | K4: Bottom | P4: INSULATION RINGS | S4: HANDRAILS
A5: Project ID | K5: Shell #1 | L5: height | N5: Thickness | S5: GALV/PAINT
A6: Design Standard | C6: API | K6: Shell #2 | L6: height | N6: Thickness | P6: YES/NO | S6: LIFTING LUGS
A7: Tank Diameter | C7: INCHES | F7: Inside Diameter | K7: Shell #3 | L7: height | N7: Thickness | P7: SIZE
A8: Shell Height | C8: INCHES | K8: Shell #4 | L8: height | N8: Thickness | P8: ANCHOR CHAIRS
A9: Baffles | C9: yes/no | E9: If Yes | F9: Width | H9: Length | K9: Shell #5 | L9: height | N9: Thickness
C10: qty | K10: Shell #6 | L10: height | N10: Thickness | P10: Quantity
A11: Gasket Type | C11: Garlock 3000 | K11: Shell #7 | L11: height | N11: Thickness | P11: TOP PLATE THICKNESS
A12: Bolting | C12: SA193-B7 | F12: Nuts | G12: SA193-2H | K12: Shell #8 | L12: height | N12: Thickness | P12: Vertical Plate Thickness
A14: Flanges | K14: COUPLINGS | N14: PIPE STUB
A15: Highest Pipe SCH | C15: SCH40
A16: QTY | B16: SIZE | C16: TYPE | D16: PIPE SCH | E16: CLASS | F16: BLINDED | G16: AGITATOR | H16: PIPE LENGTH/FT | K16: QTY | L16: SIZE | N16: QTY | O16: SIZE | P16: PIPE SCH
C17: RFSO | D17: =$C$15 -> SCH40 | E17: 150# | F17: no | G17: no | H17: 1 | L17: 1/8"
C18: RFSO | D18: =$C$15 -> SCH40 | E18: 150# | F18: no | G18: no | H18: 1 | L18: 1/4"
C19: RFSO | D19: =$C$15 -> SCH40 | E19: 150# | F19: no | G19: no | H19: 1 | L19: 3/8"
C20: RFSO | D20: =$C$15 -> SCH40 | E20: 150# | F20: no | G20: no | H20: 1 | L20: 1/2"
C21: RFSO | D21: =$C$15 -> SCH40 | E21: 150# | F21: no | G21: no | H21: 1 | L21: 3/4"
C22: RFSO | D22: =$C$15 -> SCH40 | E22: 150# | F22: no | G22: no | H22: 1 | L22: 1"
C23: RFSO | D23: =$C$15 -> SCH40 | E23: 150# | F23: no | G23: no | H23: 1 | L23: 1.5"
C24: RFSO | D24: =$C$15 -> SCH40 | E24: 150# | F24: no | G24: no | H24: 1 | L24: 2"
C25: RFSO | D25: =$C$15 -> SCH40 | E25: 150# | F25: no | G25: no | H25: 1 | L25: 3"
C26: RFSO | D26: =$C$15 -> SCH40 | E26: 150# | F26: no | G26: no | H26: 1 | L26: 4" | N26: MANWAYS
C27: RFSO | D27: =$C$15 -> SCH40 | E27: 150# | F27: no | G27: no | H27: 1 | K27: GOOSENECK
C28: RFSO | D28: =$C$15 -> SCH40 | E28: 150# | F28: no | G28: no | H28: 1 | N28: QTY | O28: SIZE | P28: TYPE | Q28: DAVIT/HINGE
C29: RFSO | D29: =$C$15 -> SCH40 | E29: 150# | F29: no | G29: no | H29: 1 | K29: QTY | L29: SIZE
C30: RFSO | D30: =$C$15 -> SCH40 | E30: 150# | F30: no | G30: no | H30: 1
C31: RFSO | D31: =$C$15 -> SCH40 | E31: 150# | F31: no | G31: no | H31: 1
C32: RFSO | D32: =$C$15 -> SCH40 | E32: 150# | F32: no | G32: no | H32: 1
C33: RFSO | D33: =$C$15 -> SCH40 | E33: 150# | F33: no | G33: no | H33: 1

Sheet PRODUCT
B1: Savannah Tank & Equipment Corporation
B2: QUOTATION NO | C2: =MAIN!C4 -> 0 | E2: DATE | F2: =TODAY() -> 45830
B3: DESCRIPTION: | C3: =MAIN!C5 -> 0 | E3: SIZE | F3: =CONCATENATE(MAIN!D7,Lists!C2,MAIN!G7,Lists!C1,MAIN!D8,Lists!C2) -> " X "
A4: item # | B4: ITEM | C4: QTY | D4: DESCRIPTION | E4: MOC | F4: MTRL $ | G4: LABOR
A5: 1 | B5: CONE TOP | C5: =IF(MAIN!$M$3="cone",1," ") | D5: =IF(C5=1,CONCATENATE(MAIN!$O$3,Lists!$C$2,Lists!$C$1,VLOOKUP(MAIN!$D$7,'top-bottom sizes'!B:F,2,FALSE)),) -> 0 | E5: =IF(C5=1,MAIN!$G$4,) -> 0 | F5: =IF(C5=1,VLOOKUP(MAIN!$D$7,'top-bottom sizes'!B:T,12,FALSE)*VLOOKUP(MAIN!$D$7,'top-bottom sizes'!B:T,13,FALSE)*Lists!$X$20/144*VLOOKUP(MAIN!$O$3,IF(MAIN!$G$4="SA36",[1]Plate!$A$31:$C$39,IF(MAIN!$G$4="304",[1]Plate!$G$4:$I$11,[1]Plate!$M$4:$O$11)),3,FALSE),) -> 0 | G5: =IF(C5=1,VLOOKUP(MAIN!$D$7,'top-bottom sizes'!B:K,8,FALSE),) -> 0
A6: 2 | C6: =IF(MAIN!$M$3="cone",1," ") | D6: =IF(C5=1,CONCATENATE(MAIN!$O$3,Lists!$C$2,Lists!$C$1,VLOOKUP(MAIN!$D$7,'top-bottom sizes'!B:F,3,FALSE)),) -> 0 | E6: =IF(C6=1,MAIN!$G$4,) -> 0 | F6: =IF(C6=1,VLOOKUP(MAIN!$D$7,'top-bottom sizes'!B:T,14,FALSE)*VLOOKUP(MAIN!$D$7,'top-bottom sizes'!B:T,15,FALSE)*Lists!$X$20/144*VLOOKUP(MAIN!$O$3,IF(MAIN!$G$4="SA36",[1]Plate!$A$31:$C$39,IF(MAIN!$G$4="304",[1]Plate!$G$4:$I$11,[1]Plate!$M$4:$O$11)),3,FALSE),) -> 0 | G6: -
A7: 3 | B7: FLAT TOP | C7: =IF(MAIN!$M$3="FLAT",1," ") | D7: =IF(C7=1,CONCATENATE(MAIN!$O$3,Lists!$C$2,Lists!$C$1,VLOOKUP(MAIN!$D$7,'top-bottom sizes'!B:F,2,FALSE)),) -> 0 | E7: =IF(C7=1,MAIN!$G$4,) -> 0 | F7: =IF(C7=1,VLOOKUP(MAIN!$D$7,'top-bottom sizes'!B:T,12,FALSE)*VLOOKUP(MAIN!$D$7,'top-bottom sizes'!B:T,13,FALSE)*Lists!$X$20/144*VLOOKUP(MAIN!$O$3,IF(MAIN!$G$4="SA36",[1]Plate!$A$31:$C$39,IF(MAIN!$G$4="304",[1]Plate!$G$4:$I$11,[1]Plate!$M$4:$O$11)),3,FALSE),) -> 0 | G7: =IF(C7=1,VLOOKUP(MAIN!$D$7,'top-bottom sizes'!B:K,7,FALSE),) -> 0
A8: 4 | C8: =IF(MAIN!$M$3="FLAT",1," ") | D8: =IF(C7=1,CONCATENATE(MAIN!$O$3,Lists!$C$2,Lists!$C$1,VLOOKUP(MAIN!$D$7,'top-bottom sizes'!B:F,3,FALSE)),) -> 0 | E8: =IF(C8=1,MAIN!$G$4,) -> 0 | F8: =IF(C8=1,VLOOKUP(MAIN!$D$7,'top-bottom sizes'!B:T,14,FALSE)*VLOOKUP(MAIN!$D$7,'top-bottom sizes'!B:T,15,FALSE)*Lists!$X$20/144*VLOOKUP(MAIN!$O$3,IF(MAIN!$G$4="SA36",[1]Plate!$A$31:$C$39,IF(MAIN!$G$4="304",[1]Plate!$G$4:$I$11,[1]Plate!$M$4:$O$11)),3,FALSE),) -> 0 | G8: -
A9: 5 | B9: RIM ANGLE | C9: =ROUNDUP(IF(MAIN!Q3<>"",MAIN!D7*3.1416/20,)/12,0) -> 0 | D9: =MAIN!Q3 -> 0 | E9: =IF(C9>0,MAIN!G4,) -> 0 | F9: =IF(MAIN!G4="sa36",VLOOKUP(MAIN!Q3,[1]Plate!$A$54:$C$60,3,FALSE),VLOOKUP(MAIN!Q3,[1]Plate!$G$21:$I$27,3,FALSE))*C9 -> #N/A | G9: =IF(C7<>"",VLOOKUP(MAIN!$D$7,'top-bottom sizes'!B:K,10,FALSE),) -> #N/A
A10: 6 | B10: SHELL MANHOURS | C10: =IF($G$10<>"","yes",) -> #N/A | D10: =IF($G$10<>"","yes",) -> #N/A | E10: =IF($G$10<>"","yes",) -> #N/A | F10: =IF($G$10<>"","0000",) -> #N/A | G10: =SUM(VLOOKUP(MAIN!D8,SHELLS!C:X,IF(MAIN!G4="SA36",22,12),FALSE)*VLOOKUP(MAIN!D7,SHELLS!AU:AZ,IF(MAIN!O5=0.5,6,IF(MAIN!O5=0.375,5,4)),FALSE),(VLOOKUP(MAIN!D8,SHELLS!C:X,IF(MAIN!G4="SA36",22,12),FALSE)-1)*VLOOKUP(MAIN!D7,SHELLS!BC:BH,IF(MAIN!O5=0.5,6,IF(MAIN!O5=0.375,5,4)),FALSE)) -> #N/A
A11: 7 | B11: SHELL 3/16" X 48 | C11: =VLOOKUP(0.1875,Lists!$AP$4:$AU$12,2,FALSE) -> #N/A | D11: =IF(MAIN!$G$4="SA36",CONCATENATE(".1875 X 48 X ",VLOOKUP(MAIN!$D$7,SHELLS!$AC:$AG,4,FALSE)),CONCATENATE(".1875 X 48 X ",VLOOKUP(MAIN!$D$7,SHELLS!$AC:$AG,2,FALSE))) -> #N/A | E11: =IF(C11>0,MAIN!$G$4,) -> #N/A | F11: =C11*48*IF(MAIN!$G$4="SA36",VLOOKUP(MAIN!$D$7,SHELLS!$AC:$AG,4,FALSE),VLOOKUP(MAIN!$D$7,SHELLS!$AC:$AG,2,FALSE))*IF(MAIN!$G$4="SA36",7.66,8.58)/144*IF(MAIN!$G$4="SA36",[1]Plate!$C$31,IF(MAIN!$G$4="304",[1]Plate!$I$4,[1]Plate!$O$4)) -> #N/A
A12: 8 | B12: SHELL 3/16" X 48 | C12: =VLOOKUP(0.1875,Lists!$AP$4:$AU$12,2,FALSE) -> #N/A | D12: =IF(MAIN!$G$4="SA36",CONCATENATE(".1875 X 48 X ",VLOOKUP(MAIN!$D$7,SHELLS!$AC:$AG,5,FALSE)),CONCATENATE(".1875 X 48 X ",VLOOKUP(MAIN!$D$7,SHELLS!$AC:$AG,3,FALSE))) -> #N/A | E12: =IF(C12>0,MAIN!$G$4,) -> #N/A | F12: =C12*48*IF(MAIN!$G$4="SA36",VLOOKUP(MAIN!$D$7,SHELLS!$AC:$AG,5,FALSE),VLOOKUP(MAIN!$D$7,SHELLS!$AC:$AG,3,FALSE))*IF(MAIN!$G$4="SA36",7.66,8.58)/144*IF(MAIN!$G$4="SA36",[1]Plate!$C$31,IF(MAIN!$G$4="304",[1]Plate!$I$4,[1]Plate!$O$4)) -> #N/A
A13: 9 | B13: SHELL 3/16" X 60 | C13: =VLOOKUP(0.1875,Lists!$AP$4:$AU$12,3,FALSE) -> #N/A | D13: =IF(MAIN!$G$4="SA36",CONCATENATE(".1875 X 60 X ",VLOOKUP(MAIN!$D$7,SHELLS!$AC:$AG,4,FALSE)),CONCATENATE(".1875 X 60 X ",VLOOKUP(MAIN!$D$7,SHELLS!$AC:$AG,2,FALSE))) -> #N/A | E13: =IF(C13>0,MAIN!$G$4,) -> #N/A | F13: =C13*60*IF(MAIN!$G$4="SA36",VLOOKUP(MAIN!$D$7,SHELLS!$AC:$AG,4,FALSE),VLOOKUP(MAIN!$D$7,SHELLS!$AC:$AG,2,FALSE))*IF(MAIN!$G$4="SA36",7.66,8.58)/144*IF(MAIN!$G$4="SA36",[1]Plate!$C$31,IF(MAIN!$G$4="304",[1]Plate!$I$4,[1]Plate!$O$4)) -> #N/A
A14: 10 | B14: SHELL 3/16" X 60 | C14: =VLOOKUP(0.1875,Lists!$AP$4:$AU$12,3,FALSE) -> #N/A | D14: =IF(MAIN!$G$4="SA36",CONCATENATE(".1875 X 60 X ",VLOOKUP(MAIN!$D$7,SHELLS!$AC:$AG,5,FALSE)),CONCATENATE(".1875 X 60 X ",VLOOKUP(MAIN!$D$7,SHELLS!$AC:$AG,3,FALSE))) -> #N/A | E14: =IF(C14>0,MAIN!$G$4,) -> #N/A | F14: =C14*60*IF(MAIN!$G$4="SA36",VLOOKUP(MAIN!$D$7,SHELLS!$AC:$AG,5,FALSE),VLOOKUP(MAIN!$D$7,SHELLS!$AC:$AG,3,FALSE))*IF(MAIN!$G$4="SA36",7.66,8.58)/144*IF(MAIN!$G$4="SA36",[1]Plate!$C$31,IF(MAIN!$G$4="304",[1]Plate!$I$4,[1]Plate!$O$4)) -> #N/A
A15: 11 | B15: SHELL 3/16" X 72 | C15: =VLOOKUP(0.1875,Lists!$AP$4:$AU$12,4,FALSE) -> #N/A | D15: =IF(MAIN!$G$4="SA36",CONCATENATE(".1875 X 72 X ",VLOOKUP(MAIN!$D$7,SHELLS!$AC:$AG,4,FALSE)),CONCATENATE(".1875 X 72 X ",VLOOKUP(MAIN!$D$7,SHELLS!$AC:$AG,2,FALSE))) -> #N/A | E15: =IF(C15>0,MAIN!$G$4,) -> #N/A | F15: =C15*72*IF(MAIN!$G$4="SA36",VLOOKUP(MAIN!$D$7,SHELLS!$AC:$AG,4,FALSE),VLOOKUP(MAIN!$D$7,SHELLS!$AC:$AG,2,FALSE))*IF(MAIN!$G$4="SA36",7.66,8.58)/144*IF(MAIN!$G$4="SA36",[1]Plate!$C$31,IF(MAIN!$G$4="304",SUM([1]Plate!$I$4+0.3),SUM([1]Plate!$O$4+0.3))) -> #N/A
A16: 12 | B16: SHELL 3/16" X 72 | C16: =VLOOKUP(0.1875,Lists!$AP$4:$AU$12,4,FALSE) -> #N/A | D16: =IF(MAIN!$G$4="SA36",CONCATENATE(".1875 X 72 X ",VLOOKUP(MAIN!$D$7,SHELLS!$AC:$AG,5,FALSE)),CONCATENATE(".1875 X 72 X ",VLOOKUP(MAIN!$D$7,SHELLS!$AC:$AG,3,FALSE))) -> #N/A | E16: =IF(C16>0,MAIN!$G$4,) -> #N/A | F16: =C16*72*IF(MAIN!$G$4="SA36",VLOOKUP(MAIN!$D$7,SHELLS!$AC:$AG,5,FALSE),VLOOKUP(MAIN!$D$7,SHELLS!$AC:$AG,3,FALSE))*IF(MAIN!$G$4="SA36",7.66,8.58)/144*IF(MAIN!$G$4="SA36",[1]Plate!$C$31,IF(MAIN!$G$4="304",SUM([1]Plate!$I$4+0.3),SUM([1]Plate!$O$4+0.3))) -> #N/A
A17: 13 | B17: SHELL 3/16" X 96 | C17: =VLOOKUP(0.1875,Lists!$AP$4:$AU$12,5,FALSE) -> #N/A | D17: =IF(MAIN!$G$4="SA36",CONCATENATE(".1875 X 96 X ",VLOOKUP(MAIN!$D$7,SHELLS!$AC:$AG,4,FALSE)),CONCATENATE(".1875 X 96 X ",VLOOKUP(MAIN!$D$7,SHELLS!$AC:$AG,2,FALSE))) -> #N/A | E17: =IF(C17>0,MAIN!$G$4,) -> #N/A | F17: =C17*96*IF(MAIN!$G$4="SA36",VLOOKUP(MAIN!$D$7,SHELLS!$AC:$AG,4,FALSE),)*IF(MAIN!$G$4="SA36",7.66,8.58)/144*IF(MAIN!$G$4="SA36",[1]Plate!$C$41,) -> #N/A
A18: 14 | B18: SHELL 3/16" X 96 | C18: =VLOOKUP(0.1875,Lists!$AP$4:$AU$12,5,FALSE) -> #N/A | D18: =IF(MAIN!$G$4="SA36",CONCATENATE(".1875 X 96 X ",VLOOKUP(MAIN!$D$7,SHELLS!$AC:$AG,5,FALSE)),CONCATENATE(".1875 X 96 X ",VLOOKUP(MAIN!$D$7,SHELLS!$AC:$AG,3,FALSE))) -> #N/A | E18: =IF(C18>0,MAIN!$G$4,) -> #N/A | F18: =C18*96*IF(MAIN!$G$4="SA36",VLOOKUP(MAIN!$D$7,SHELLS!$AC:$AG,5,FALSE),)*IF(MAIN!$G$4="SA36",7.66,8.58)/144*IF(MAIN!$G$4="SA36",[1]Plate!$C$41,) -> #N/A
A19: 15 | B19: SHELL 3/16" X 120 | C19: =VLOOKUP(0.1875,Lists!$AP$4:$AU$12,6,FALSE) -> #N/A | D19: =IF(MAIN!$G$4="SA36",CONCATENATE(".1875 X 120 X ",VLOOKUP(MAIN!$D$7,SHELLS!$AC:$AG,4,FALSE)),CONCATENATE(".1875 X 120 X ",VLOOKUP(MAIN!$D$7,SHELLS!$AC:$AG,2,FALSE))) -> #N/A | E19: =IF(C19>0,MAIN!$G$4,) -> #N/A | F19: =C19*120*IF(MAIN!$G$4="SA36",VLOOKUP(MAIN!$D$7,SHELLS!$AC:$AG,4,FALSE),)*IF(MAIN!$G$4="SA36",7.66,8.58)/144*IF(MAIN!$G$4="SA36",[1]Plate!$C$42,) -> #N/A
A20: 16 | B20: SHELL 3/16" X 120 | C20: =VLOOKUP(0.1875,Lists!$AP$4:$AU$12,6,FALSE) -> #N/A | D20: =IF(MAIN!$G$4="SA36",CONCATENATE(".1875 X 120 X ",VLOOKUP(MAIN!$D$7,SHELLS!$AC:$AG,5,FALSE)),CONCATENATE(".1875 X 120 X ",VLOOKUP(MAIN!$D$7,SHELLS!$AC:$AG,3,FALSE))) -> #N/A | E20: =IF(C20>0,MAIN!$G$4,) -> #N/A | F20: =C20*120*IF(MAIN!$G$4="SA36",VLOOKUP(MAIN!$D$7,SHELLS!$AC:$AG,5,FALSE),)*IF(MAIN!$G$4="SA36",7.66,8.58)/144*IF(MAIN!$G$4="SA36",[1]Plate!$C$42,) -> #N/A
A21: 17 | B21: SHELL 1/4" X 48 | C21: =VLOOKUP(0.25,Lists!$AP$4:$AU$12,2,FALSE) -> #N/A | D21: =IF(MAIN!$G$4="SA36",CONCATENATE(".25 X 48 X ",VLOOKUP(MAIN!$D$7,SHELLS!$AC:$AG,4,FALSE)),CONCATENATE(".25 X 48 X ",VLOOKUP(MAIN!$D$7,SHELLS!$AC:$AG,2,FALSE))) -> #N/A | E21: =IF(C21>0,MAIN!$G$4,) -> #N/A | F21: =C21*48*IF(MAIN!$G$4="SA36",VLOOKUP(MAIN!$D$7,SHELLS!$AC:$AG,4,FALSE),VLOOKUP(MAIN!$D$7,SHELLS!$AC:$AG,2,FALSE))*IF(MAIN!$G$4="SA36",10.21,11.16)/144*IF(MAIN!$G$4="SA36",[1]Plate!$C$32,IF(MAIN!$G$4="304",[1]Plate!$I$5,[1]Plate!$O$5)) -> #N/A
A22: 18 | B22: SHELL 1/4" X 48 | C22: =VLOOKUP(0.25,Lists!$AP$4:$AU$12,2,FALSE) -> #N/A | D22: =IF(MAIN!$G$4="SA36",CONCATENATE(".25 X 48 X ",VLOOKUP(MAIN!$D$7,SHELLS!$AC:$AG,5,FALSE)),CONCATENATE(".25 X 48 X ",VLOOKUP(MAIN!$D$7,SHELLS!$AC:$AG,3,FALSE))) -> #N/A | E22: =IF(C22>0,MAIN!$G$4,) -> #N/A | F22: =C22*48*IF(MAIN!$G$4="SA36",VLOOKUP(MAIN!$D$7,SHELLS!$AC:$AG,5,FALSE),VLOOKUP(MAIN!$D$7,SHELLS!$AC:$AG,3,FALSE))*IF(MAIN!$G$4="SA36",10.21,11.16)/144*IF(MAIN!$G$4="SA36",[1]Plate!$C$32,IF(MAIN!$G$4="304",[1]Plate!$I$5,[1]Plate!$O$5)) -> #N/A
A23: 19 | B23: SHELL 1/4" X 60 | C23: =VLOOKUP(0.25,Lists!$AP$4:$AU$12,3,FALSE) -> #N/A | D23: =IF(MAIN!$G$4="SA36",CONCATENATE(".25 X 60 X ",VLOOKUP(MAIN!$D$7,SHELLS!$AC:$AG,4,FALSE)),CONCATENATE(".25 X 60 X ",VLOOKUP(MAIN!$D$7,SHELLS!$AC:$AG,2,FALSE))) -> #N/A | E23: =IF(C23>0,MAIN!$G$4,) -> #N/A | F23: =C23*60*IF(MAIN!$G$4="SA36",VLOOKUP(MAIN!$D$7,SHELLS!$AC:$AG,4,FALSE),VLOOKUP(MAIN!$D$7,SHELLS!$AC:$AG,2,FALSE))*IF(MAIN!$G$4="SA36",10.21,11.16)/144*IF(MAIN!$G$4="SA36",[1]Plate!$C$32,IF(MAIN!$G$4="304",[1]Plate!$I$5,[1]Plate!$O$5)) -> #N/A
A24: 20 | B24: SHELL 1/4" X 60 | C24: =VLOOKUP(0.25,Lists!$AP$4:$AU$12,3,FALSE) -> #N/A | D24: =IF(MAIN!$G$4="SA36",CONCATENATE(".25 X 60 X ",VLOOKUP(MAIN!$D$7,SHELLS!$AC:$AG,5,FALSE)),CONCATENATE(".25 X 60 X ",VLOOKUP(MAIN!$D$7,SHELLS!$AC:$AG,3,FALSE))) -> #N/A | E24: =IF(C24>0,MAIN!$G$4,) -> #N/A | F24: =C24*60*IF(MAIN!$G$4="SA36",VLOOKUP(MAIN!$D$7,SHELLS!$AC:$AG,5,FALSE),VLOOKUP(MAIN!$D$7,SHELLS!$AC:$AG,3,FALSE))*IF(MAIN!$G$4="SA36",10.21,11.16)/144*IF(MAIN!$G$4="SA36",[1]Plate!$C$32,IF(MAIN!$G$4="304",[1]Plate!$I$5,[1]Plate!$O$5)) -> #N/A
A25: 21 | B25: SHELL 1/4" X 72 | C25: =VLOOKUP(0.25,Lists!$AP$4:$AU$12,4,FALSE) -> #N/A | D25: =IF(MAIN!$G$4="SA36",CONCATENATE(".25 X 72 X ",VLOOKUP(MAIN!$D$7,SHELLS!$AC:$AG,4,FALSE)),CONCATENATE(".25 X 72 X ",VLOOKUP(MAIN!$D$7,SHELLS!$AC:$AG,2,FALSE))) -> #N/A | E25: =IF(C25>0,MAIN!$G$4,) -> #N/A | F25: =C25*72*IF(MAIN!$G$4="SA36",VLOOKUP(MAIN!$D$7,SHELLS!$AC:$AG,4,FALSE),VLOOKUP(MAIN!$D$7,SHELLS!$AC:$AG,2,FALSE))*IF(MAIN!$G$4="SA36",10.21,11.16)/144*IF(MAIN!$G$4="SA36",[1]Plate!$C$32,IF(MAIN!$G$4="304",SUM([1]Plate!$I$5,0.3),SUM(0.3,[1]Plate!$O$5))) -> #N/A
A26: 22 | B26: SHELL 1/4" X 72 | C26: =VLOOKUP(0.25,Lists!$AP$4:$AU$12,4,FALSE) -> #N/A | D26: =IF(MAIN!$G$4="SA36",CONCATENATE(".25 X 72 X ",VLOOKUP(MAIN!$D$7,SHELLS!$AC:$AG,5,FALSE)),CONCATENATE(".25 X 72 X ",VLOOKUP(MAIN!$D$7,SHELLS!$AC:$AG,3,FALSE))) -> #N/A | E26: =IF(C26>0,MAIN!$G$4,) -> #N/A | F26: =C26*72*IF(MAIN!$G$4="SA36",VLOOKUP(MAIN!$D$7,SHELLS!$AC:$AG,5,FALSE),VLOOKUP(MAIN!$D$7,SHELLS!$AC:$AG,3,FALSE))*IF(MAIN!$G$4="SA36",10.21,11.16)/144*IF(MAIN!$G$4="SA36",[1]Plate!$C$32,IF(MAIN!$G$4="304",SUM(0.3,[1]Plate!$I$5),SUM(0.3,[1]Plate!$O$5))) -> #N/A
A27: 23 | B27: SHELL 1/4" X 96 | C27: =VLOOKUP(0.25,Lists!$AP$4:$AU$12,5,FALSE) -> #N/A | D27: =IF(MAIN!$G$4="SA36",CONCATENATE(".25 X 96 X ",VLOOKUP(MAIN!$D$7,SHELLS!$AC:$AG,4,FALSE)),CONCATENATE(".25 X 96 X ",VLOOKUP(MAIN!$D$7,SHELLS!$AC:$AG,2,FALSE))) -> #N/A | E27: =IF(C27>0,MAIN!$G$4,) -> #N/A | F27: =C27*96*IF(MAIN!$G$4="SA36",VLOOKUP(MAIN!$D$7,SHELLS!$AC:$AG,4,FALSE),)*IF(MAIN!$G$4="SA36",10.21,11.16)/144*IF(MAIN!$G$4="SA36",[1]Plate!$C$43,) -> #N/A
A28: 24 | B28: SHELL 1/4" X 96 | C28: =VLOOKUP(0.25,Lists!$AP$4:$AU$12,5,FALSE) -> #N/A | D28: =IF(MAIN!$G$4="SA36",CONCATENATE(".25 X 96 X ",VLOOKUP(MAIN!$D$7,SHELLS!$AC:$AG,5,FALSE)),CONCATENATE(".25 X 96 X ",VLOOKUP(MAIN!$D$7,SHELLS!$AC:$AG,3,FALSE))) -> #N/A | E28: =IF(C28>0,MAIN!$G$4,) -> #N/A | F28: =C28*96*IF(MAIN!$G$4="SA36",VLOOKUP(MAIN!$D$7,SHELLS!$AC:$AG,5,FALSE),)*IF(MAIN!$G$4="SA36",10.21,11.16)/144*IF(MAIN!$G$4="SA36",[1]Plate!$C$43,) -> #N/A
A29: 25 | B29: SHELL 1/4" X 120 | C29: =VLOOKUP(0.25,Lists!$AP$4:$AU$12,6,FALSE) -> #N/A | D29: =IF(MAIN!$G$4="SA36",CONCATENATE(".25 X 120 X ",VLOOKUP(MAIN!$D$7,SHELLS!$AC:$AG,4,FALSE)),CONCATENATE(".25 X 120 X ",VLOOKUP(MAIN!$D$7,SHELLS!$AC:$AG,2,FALSE))) -> #N/A | E29: =IF(C29>0,MAIN!$G$4,) -> #N/A | F29: =C29*120*IF(MAIN!$G$4="SA36",VLOOKUP(MAIN!$D$7,SHELLS!$AC:$AG,4,FALSE),)*IF(MAIN!$G$4="SA36",10.21,11.16)/144*IF(MAIN!$G$4="SA36",[1]Plate!$C$44,) -> #N/A
A30: 26 | B30: SHELL 1/4" X 120 | C30: =VLOOKUP(0.25,Lists!$AP$4:$AU$12,6,FALSE) -> #N/A | D30: =IF(MAIN!$G$4="SA36",CONCATENATE(".25 X 120 X ",VLOOKUP(MAIN!$D$7,SHELLS!$AC:$AG,5,FALSE)),CONCATENATE(".25 X 120 X ",VLOOKUP(MAIN!$D$7,SHELLS!$AC:$AG,3,FALSE))) -> #N/A | E30: =IF(C30>0,MAIN!$G$4,) -> #N/A | F30: =C30*120*IF(MAIN!$G$4="SA36",VLOOKUP(MAIN!$D$7,SHELLS!$AC:$AG,5,FALSE),)*IF(MAIN!$G$4="SA36",10.21,11.16)/144*IF(MAIN!$G$4="SA36",[1]Plate!$C$44,) -> #N/A
A31: 27 | B31: SHELL 5/16" X 48 | C31: =VLOOKUP(0.3125,Lists!$AP$4:$AU$12,2,FALSE) -> #N/A | D31: =IF(MAIN!$G$4="SA36",CONCATENATE(".3125 X 48 X ",VLOOKUP(MAIN!$D$7,SHELLS!$AC:$AG,4,FALSE)),CONCATENATE(".3125 X 48 X ",VLOOKUP(MAIN!$D$7,SHELLS!$AC:$AG,2,FALSE))) -> #N/A | E31: =IF(C31>0,MAIN!$G$4,) -> #N/A | F31: =C31*48*IF(MAIN!$G$4="SA36",VLOOKUP(MAIN!$D$7,SHELLS!$AC:$AG,4,FALSE),VLOOKUP(MAIN!$D$7,SHELLS!$AC:$AG,2,FALSE))*IF(MAIN!$G$4="SA36",12.76,13.75)/144*IF(MAIN!$G$4="SA36",[1]Plate!$C$33,IF(MAIN!$G$4="304",[1]Plate!$I$6,[1]Plate!$O$6)) -> #N/A
A32: 28 | B32: SHELL 5/16" X 48 | C32: =VLOOKUP(0.3125,Lists!$AP$4:$AU$12,2,FALSE) -> #N/A | D32: =IF(MAIN!$G$4="SA36",CONCATENATE(".3125 X 48 X ",VLOOKUP(MAIN!$D$7,SHELLS!$AC:$AG,5,FALSE)),CONCATENATE(".3125 X 48 X ",VLOOKUP(MAIN!$D$7,SHELLS!$AC:$AG,3,FALSE))) -> #N/A | E32: =IF(C32>0,MAIN!$G$4,) -> #N/A | F32: =C32*48*IF(MAIN!$G$4="SA36",VLOOKUP(MAIN!$D$7,SHELLS!$AC:$AG,5,FALSE),VLOOKUP(MAIN!$D$7,SHELLS!$AC:$AG,3,FALSE))*IF(MAIN!$G$4="SA36",12.76,13.75)/144*IF(MAIN!$G$4="SA36",[1]Plate!$C$33,IF(MAIN!$G$4="304",[1]Plate!$I$6,[1]Plate!$O$6)) -> #N/A
A33: 29 | B33: SHELL 5/16" X 60 | C33: =VLOOKUP(0.3125,Lists!$AP$4:$AU$12,3,FALSE) -> #N/A | D33: =IF(MAIN!$G$4="SA36",CONCATENATE(".3125 X 60 X ",VLOOKUP(MAIN!$D$7,SHELLS!$AC:$AG,4,FALSE)),CONCATENATE(".3125 X 60 X ",VLOOKUP(MAIN!$D$7,SHELLS!$AC:$AG,2,FALSE))) -> #N/A | E33: =IF(C33>0,MAIN!$G$4,) -> #N/A | F33: =C33*60*IF(MAIN!$G$4="SA36",VLOOKUP(MAIN!$D$7,SHELLS!$AC:$AG,4,FALSE),VLOOKUP(MAIN!$D$7,SHELLS!$AC:$AG,2,FALSE))*IF(MAIN!$G$4="SA36",12.76,13.75)/144*IF(MAIN!$G$4="SA36",[1]Plate!$C$33,IF(MAIN!$G$4="304",[1]Plate!$I$6,[1]Plate!$O$6)) -> #N/A
A34: 30 | B34: SHELL 5/16" X 60 | C34: =VLOOKUP(0.3125,Lists!$AP$4:$AU$12,3,FALSE) -> #N/A | D34: =IF(MAIN!$G$4="SA36",CONCATENATE(".3125 X 60 X ",VLOOKUP(MAIN!$D$7,SHELLS!$AC:$AG,5,FALSE)),CONCATENATE(".3125 X 60 X ",VLOOKUP(MAIN!$D$7,SHELLS!$AC:$AG,3,FALSE))) -> #N/A | E34: =IF(C34>0,MAIN!$G$4,) -> #N/A | F34: =C34*60*IF(MAIN!$G$4="SA36",VLOOKUP(MAIN!$D$7,SHELLS!$AC:$AG,5,FALSE),VLOOKUP(MAIN!$D$7,SHELLS!$AC:$AG,3,FALSE))*IF(MAIN!$G$4="SA36",12.76,13.75)/144*IF(MAIN!$G$4="SA36",[1]Plate!$C$33,IF(MAIN!$G$4="304",[1]Plate!$I$6,[1]Plate!$O$6)) -> #N/A
A35: 31 | B35: SHELL 5/16" X 72 | C35: =VLOOKUP(0.3125,Lists!$AP$4:$AU$12,4,FALSE) -> #N/A | D35: =IF(MAIN!$G$4="SA36",CONCATENATE(".3125 X 72 X ",VLOOKUP(MAIN!$D$7,SHELLS!$AC:$AG,4,FALSE)),CONCATENATE(".3125 X 72 X ",VLOOKUP(MAIN!$D$7,SHELLS!$AC:$AG,2,FALSE))) -> #N/A | E35: =IF(C35>0,MAIN!$G$4,) -> #N/A | F35: =C35*72*IF(MAIN!$G$4="SA36",VLOOKUP(MAIN!$D$7,SHELLS!$AC:$AG,4,FALSE),VLOOKUP(MAIN!$D$7,SHELLS!$AC:$AG,2,FALSE))*IF(MAIN!$G$4="SA36",12.76,13.75)/144*IF(MAIN!$G$4="SA36",[1]Plate!$C$33,IF(MAIN!$G$4="304",SUM(0.3,[1]Plate!$I$6),SUM(0.3,[1]Plate!$O$6))) -> #N/A
A36: 32 | B36: SHELL 5/16" X 72 | C36: =VLOOKUP(0.3125,Lists!$AP$4:$AU$12,4,FALSE) -> #N/A | D36: =IF(MAIN!$G$4="SA36",CONCATENATE(".3125 X 72 X ",VLOOKUP(MAIN!$D$7,SHELLS!$AC:$AG,5,FALSE)),CONCATENATE(".3125 X 72 X ",VLOOKUP(MAIN!$D$7,SHELLS!$AC:$AG,3,FALSE))) -> #N/A | E36: =IF(C36>0,MAIN!$G$4,) -> #N/A | F36: =C36*72*IF(MAIN!$G$4="SA36",VLOOKUP(MAIN!$D$7,SHELLS!$AC:$AG,5,FALSE),VLOOKUP(MAIN!$D$7,SHELLS!$AC:$AG,3,FALSE))*IF(MAIN!$G$4="SA36",12.76,13.75)/144*IF(MAIN!$G$4="SA36",[1]Plate!$C$33,IF(MAIN!$G$4="304",SUM(0.3,[1]Plate!$I$6),SUM(0.3,[1]Plate!$O$6))) -> #N/A
A37: 33 | B37: SHELL 5/16" X 96 | C37: =VLOOKUP(0.3125,Lists!$AP$4:$AU$12,5,FALSE) -> #N/A | D37: =IF(MAIN!$G$4="SA36",CONCATENATE(".3125 X 96 X ",VLOOKUP(MAIN!$D$7,SHELLS!$AC:$AG,4,FALSE)),CONCATENATE(".3125 X 96 X ",VLOOKUP(MAIN!$D$7,SHELLS!$AC:$AG,2,FALSE))) -> #N/A | E37: =IF(C37>0,MAIN!$G$4,) -> #N/A | F37: =C37*96*IF(MAIN!$G$4="SA36",VLOOKUP(MAIN!$D$7,SHELLS!$AC:$AG,4,FALSE),)*IF(MAIN!$G$4="SA36",12.76,13.75)/144*IF(MAIN!$G$4="SA36",[1]Plate!$C$45,) -> #N/A
A38: 34 | B38: SHELL 5/16" X 96 | C38: =VLOOKUP(0.3125,Lists!$AP$4:$AU$12,5,FALSE) -> #N/A | D38: =IF(MAIN!$G$4="SA36",CONCATENATE(".3125 X 96 X ",VLOOKUP(MAIN!$D$7,SHELLS!$AC:$AG,5,FALSE)),CONCATENATE(".3125 X 96 X ",VLOOKUP(MAIN!$D$7,SHELLS!$AC:$AG,3,FALSE))) -> #N/A | E38: =IF(C38>0,MAIN!$G$4,) -> #N/A | F38: =C38*96*IF(MAIN!$G$4="SA36",VLOOKUP(MAIN!$D$7,SHELLS!$AC:$AG,5,FALSE),)*IF(MAIN!$G$4="SA36",12.76,13.75)/144*IF(MAIN!$G$4="SA36",[1]Plate!$C$45,) -> #N/A
A39: 35 | B39: SHELL 5/16" X 120 | C39: =VLOOKUP(0.3125,Lists!$AP$4:$AU$12,6,FALSE) -> #N/A | D39: =IF(MAIN!$G$4="SA36",CONCATENATE(".3125 X 120 X ",VLOOKUP(MAIN!$D$7,SHELLS!$AC:$AG,4,FALSE)),CONCATENATE(".3125 X 120 X ",VLOOKUP(MAIN!$D$7,SHELLS!$AC:$AG,2,FALSE))) -> #N/A | E39: =IF(C39>0,MAIN!$G$4,) -> #N/A | F39: =C39*120*IF(MAIN!$G$4="SA36",VLOOKUP(MAIN!$D$7,SHELLS!$AC:$AG,4,FALSE),)*IF(MAIN!$G$4="SA36",12.76,13.75)/144*IF(MAIN!$G$4="SA36",[1]Plate!$C$46,) -> #N/A
A40: 36 | B40: SHELL 5/16" X 120 | C40: =VLOOKUP(0.3125,Lists!$AP$4:$AU$12,6,FALSE) -> #N/A | D40: =IF(MAIN!$G$4="SA36",CONCATENATE(".3125 X 120 X ",VLOOKUP(MAIN!$D$7,SHELLS!$AC:$AG,5,FALSE)),CONCATENATE(".3125 X 120 X ",VLOOKUP(MAIN!$D$7,SHELLS!$AC:$AG,3,FALSE))) -> #N/A | E40: =IF(C40>0,MAIN!$G$4,) -> #N/A | F40: =C40*120*IF(MAIN!$G$4="SA36",VLOOKUP(MAIN!$D$7,SHELLS!$AC:$AG,5,FALSE),)*IF(MAIN!$G$4="SA36",12.76,13.75)/144*IF(MAIN!$G$4="SA36",[1]Plate!$C$46,) -> #N/A
A41: 37 | B41: SHELL 3/8" X 48 | C41: =VLOOKUP(0.375,Lists!$AP$4:$AU$12,2,FALSE) -> #N/A | D41: =IF(MAIN!$G$4="SA36",CONCATENATE(".375 X 48 X ",VLOOKUP(MAIN!$D$7,SHELLS!$AC:$AG,4,FALSE)),CONCATENATE(".375 X 48 X ",VLOOKUP(MAIN!$D$7,SHELLS!$AC:$AG,2,FALSE))) -> #N/A | E41: =IF(C41>0,MAIN!$G$4,) -> #N/A | F41: =C41*48*IF(MAIN!$G$4="SA36",VLOOKUP(MAIN!$D$7,SHELLS!$AC:$AG,4,FALSE),VLOOKUP(MAIN!$D$7,SHELLS!$AC:$AG,2,FALSE))*IF(MAIN!$G$4="SA36",15.32,16.5)/144*IF(MAIN!$G$4="SA36",[1]Plate!$C$34,IF(MAIN!$G$4="304",[1]Plate!$I$7,[1]Plate!$O$7)) -> #N/A
A42: 38 | B42: SHELL 3/8" X 48 | C42: =VLOOKUP(0.375,Lists!$AP$4:$AU$12,2,FALSE) -> #N/A | D42: =IF(MAIN!$G$4="SA36",CONCATENATE(".375 X 48 X ",VLOOKUP(MAIN!$D$7,SHELLS!$AC:$AG,5,FALSE)),CONCATENATE(".375 X 48 X ",VLOOKUP(MAIN!$D$7,SHELLS!$AC:$AG,3,FALSE))) -> #N/A | E42: =IF(C42>0,MAIN!$G$4,) -> #N/A | F42: =C42*48*IF(MAIN!$G$4="SA36",VLOOKUP(MAIN!$D$7,SHELLS!$AC:$AG,5,FALSE),VLOOKUP(MAIN!$D$7,SHELLS!$AC:$AG,3,FALSE))*IF(MAIN!$G$4="SA36",15.32,16.5)/144*IF(MAIN!$G$4="SA36",[1]Plate!$C$34,IF(MAIN!$G$4="304",[1]Plate!$I$7,[1]Plate!$O$7)) -> #N/A
A43: 39 | B43: SHELL 3/8" X 60 | C43: =VLOOKUP(0.375,Lists!$AP$4:$AU$12,3,FALSE) -> #N/A | D43: =IF(MAIN!$G$4="SA36",CONCATENATE(".375 X 60 X ",VLOOKUP(MAIN!$D$7,SHELLS!$AC:$AG,4,FALSE)),CONCATENATE(".375 X 60 X ",VLOOKUP(MAIN!$D$7,SHELLS!$AC:$AG,2,FALSE))) -> #N/A | E43: =IF(C43>0,MAIN!$G$4,) -> #N/A | F43: =C43*60*IF(MAIN!$G$4="SA36",VLOOKUP(MAIN!$D$7,SHELLS!$AC:$AG,4,FALSE),VLOOKUP(MAIN!$D$7,SHELLS!$AC:$AG,2,FALSE))*IF(MAIN!$G$4="SA36",15.32,16.5)/144*IF(MAIN!$G$4="SA36",[1]Plate!$C$34,IF(MAIN!$G$4="304",[1]Plate!$I$7,[1]Plate!$O$7)) -> #N/A
A44: 40 | B44: SHELL 3/8" X 60 | C44: =VLOOKUP(0.375,Lists!$AP$4:$AU$12,3,FALSE) -> #N/A | D44: =IF(MAIN!$G$4="SA36",CONCATENATE(".375 X 60 X ",VLOOKUP(MAIN!$D$7,SHELLS!$AC:$AG,5,FALSE)),CONCATENATE(".375 X 60 X ",VLOOKUP(MAIN!$D$7,SHELLS!$AC:$AG,3,FALSE))) -> #N/A | E44: =IF(C44>0,MAIN!$G$4,) -> #N/A | F44: =C44*60*IF(MAIN!$G$4="SA36",VLOOKUP(MAIN!$D$7,SHELLS!$AC:$AG,5,FALSE),VLOOKUP(MAIN!$D$7,SHELLS!$AC:$AG,3,FALSE))*IF(MAIN!$G$4="SA36",15.32,16.5)/144*IF(MAIN!$G$4="SA36",[1]Plate!$C$34,IF(MAIN!$G$4="304",[1]Plate!$I$7,[1]Plate!$O$7)) -> #N/A
A45: 41 | B45: SHELL 3/8" X 72 | C45: =VLOOKUP(0.375,Lists!$AP$4:$AU$12,4,FALSE) -> #N/A | D45: =IF(MAIN!$G$4="SA36",CONCATENATE(".375 X 72 X ",VLOOKUP(MAIN!$D$7,SHELLS!$AC:$AG,4,FALSE)),CONCATENATE(".375 X 72 X ",VLOOKUP(MAIN!$D$7,SHELLS!$AC:$AG,2,FALSE))) -> #N/A | E45: =IF(C45>0,MAIN!$G$4,) -> #N/A | F45: =C45*72*IF(MAIN!$G$4="SA36",VLOOKUP(MAIN!$D$7,SHELLS!$AC:$AG,4,FALSE),VLOOKUP(MAIN!$D$7,SHELLS!$AC:$AG,2,FALSE))*IF(MAIN!$G$4="SA36",15.32,16.5)/144*IF(MAIN!$G$4="SA36",[1]Plate!$C$34,IF(MAIN!$G$4="304",SUM(0.3,[1]Plate!$I$7),SUM(0.3,[1]Plate!$O$7))) -> #N/A
A46: 42 | B46: SHELL 3/8" X 72 | C46: =VLOOKUP(0.375,Lists!$AP$4:$AU$12,4,FALSE) -> #N/A | D46: =IF(MAIN!$G$4="SA36",CONCATENATE(".375 X 72 X ",VLOOKUP(MAIN!$D$7,SHELLS!$AC:$AG,5,FALSE)),CONCATENATE(".375 X 72 X ",VLOOKUP(MAIN!$D$7,SHELLS!$AC:$AG,3,FALSE))) -> #N/A | E46: =IF(C46>0,MAIN!$G$4,) -> #N/A | F46: =C46*72*IF(MAIN!$G$4="SA36",VLOOKUP(MAIN!$D$7,SHELLS!$AC:$AG,5,FALSE),VLOOKUP(MAIN!$D$7,SHELLS!$AC:$AG,3,FALSE))*IF(MAIN!$G$4="SA36",15.32,16.5)/144*IF(MAIN!$G$4="SA36",[1]Plate!$C$34,IF(MAIN!$G$4="304",SUM(0.3,[1]Plate!$I$7),SUM(0.3,[1]Plate!$O$7))) -> #N/A
A47: 43 | B47: SHELL 3/8" X 96 | C47: =VLOOKUP(0.375,Lists!$AP$4:$AU$12,5,FALSE) -> #N/A | D47: =IF(MAIN!$G$4="SA36",CONCATENATE(".375 X 96 X ",VLOOKUP(MAIN!$D$7,SHELLS!$AC:$AG,4,FALSE)),CONCATENATE(".375 X 96 X ",VLOOKUP(MAIN!$D$7,SHELLS!$AC:$AG,2,FALSE))) -> #N/A | E47: =IF(C47>0,MAIN!$G$4,) -> #N/A | F47: =C47*96*IF(MAIN!$G$4="SA36",VLOOKUP(MAIN!$D$7,SHELLS!$AC:$AG,4,FALSE),)*IF(MAIN!$G$4="SA36",15.32,16.5)/144*IF(MAIN!$G$4="SA36",[1]Plate!$C$47,) -> #N/A
A48: 44 | B48: SHELL 3/8" X 96 | C48: =VLOOKUP(0.375,Lists!$AP$4:$AU$12,5,FALSE) -> #N/A | D48: =IF(MAIN!$G$4="SA36",CONCATENATE(".375 X 96 X ",VLOOKUP(MAIN!$D$7,SHELLS!$AC:$AG,5,FALSE)),CONCATENATE(".375 X 96 X ",VLOOKUP(MAIN!$D$7,SHELLS!$AC:$AG,3,FALSE))) -> #N/A | E48: =IF(C48>0,MAIN!$G$4,) -> #N/A | F48: =C48*96*IF(MAIN!$G$4="SA36",VLOOKUP(MAIN!$D$7,SHELLS!$AC:$AG,5,FALSE),)*IF(MAIN!$G$4="SA36",15.32,16.5)/144*IF(MAIN!$G$4="SA36",[1]Plate!$C$47,) -> #N/A
A49: 45 | B49: SHELL 3/8" X 120 | C49: =VLOOKUP(0.375,Lists!$AP$4:$AU$12,6,FALSE) -> #N/A | D49: =IF(MAIN!$G$4="SA36",CONCATENATE(".375 X 120 X ",VLOOKUP(MAIN!$D$7,SHELLS!$AC:$AG,4,FALSE)),CONCATENATE(".375 X 120 X ",VLOOKUP(MAIN!$D$7,SHELLS!$AC:$AG,2,FALSE))) -> #N/A | E49: =IF(C49>0,MAIN!$G$4,) -> #N/A | F49: =C49*120*IF(MAIN!$G$4="SA36",VLOOKUP(MAIN!$D$7,SHELLS!$AC:$AG,4,FALSE),)*IF(MAIN!$G$4="SA36",15.32,16.5)/144*IF(MAIN!$G$4="SA36",[1]Plate!$C$48,) -> #N/A
A50: 46 | B50: SHELL 3/8" X 120 | C50: =VLOOKUP(0.375,Lists!$AP$4:$AU$12,6,FALSE) -> #N/A | D50: =IF(MAIN!$G$4="SA36",CONCATENATE(".375 X 120 X ",VLOOKUP(MAIN!$D$7,SHELLS!$AC:$AG,5,FALSE)),CONCATENATE(".375 X 120 X ",VLOOKUP(MAIN!$D$7,SHELLS!$AC:$AG,3,FALSE))) -> #N/A | E50: =IF(C50>0,MAIN!$G$4,) -> #N/A | F50: =C50*120*IF(MAIN!$G$4="SA36",VLOOKUP(MAIN!$D$7,SHELLS!$AC:$AG,5,FALSE),)*IF(MAIN!$G$4="SA36",15.32,16.5)/144*IF(MAIN!$G$4="SA36",[1]Plate!$C$48,) -> #N/A
A51: 47 | B51: SHELL 1/2" X 48 | C51: =VLOOKUP(0.5,Lists!$AP$4:$AU$12,2,FALSE) -> #N/A | D51: =IF(MAIN!$G$4="SA36",CONCATENATE(".5 X 48 X ",VLOOKUP(MAIN!$D$7,SHELLS!$AC:$AG,4,FALSE)),CONCATENATE(".5 X 48 X ",VLOOKUP(MAIN!$D$7,SHELLS!$AC:$AG,2,FALSE))) -> #N/A | E51: =IF(C51>0,MAIN!$G$4,) -> #N/A | F51: =C51*48*IF(MAIN!$G$4="SA36",VLOOKUP(MAIN!$D$7,SHELLS!$AC:$AG,4,FALSE),VLOOKUP(MAIN!$D$7,SHELLS!$AC:$AG,2,FALSE))*IF(MAIN!$G$4="SA36",20.42,21.66)/144*IF(MAIN!$G$4="SA36",[1]Plate!$C$35,IF(MAIN!$G$4="304",[1]Plate!$I$8,[1]Plate!$O$8)) -> #N/A
A52: 48 | B52: SHELL 1/2" X 48 | C52: =VLOOKUP(0.5,Lists!$AP$4:$AU$12,2,FALSE) -> #N/A | D52: =IF(MAIN!$G$4="SA36",CONCATENATE(".5 X 48 X ",VLOOKUP(MAIN!$D$7,SHELLS!$AC:$AG,5,FALSE)),CONCATENATE(".5 X 48 X ",VLOOKUP(MAIN!$D$7,SHELLS!$AC:$AG,3,FALSE))) -> #N/A | E52: =IF(C52>0,MAIN!$G$4,) -> #N/A | F52: =C52*48*IF(MAIN!$G$4="SA36",VLOOKUP(MAIN!$D$7,SHELLS!$AC:$AG,5,FALSE),VLOOKUP(MAIN!$D$7,SHELLS!$AC:$AG,3,FALSE))*IF(MAIN!$G$4="SA36",20.42,21.66)/144*IF(MAIN!$G$4="SA36",[1]Plate!$C$35,IF(MAIN!$G$4="304",[1]Plate!$I$8,[1]Plate!$O$8)) -> #N/A
A53: 49 | B53: SHELL 1/2" X 60 | C53: =VLOOKUP(0.5,Lists!$AP$4:$AU$12,3,FALSE) -> #N/A | D53: =IF(MAIN!$G$4="SA36",CONCATENATE(".5 X 60 X ",VLOOKUP(MAIN!$D$7,SHELLS!$AC:$AG,4,FALSE)),CONCATENATE(".5 X 60 X ",VLOOKUP(MAIN!$D$7,SHELLS!$AC:$AG,2,FALSE))) -> #N/A | E53: =IF(C53>0,MAIN!$G$4,) -> #N/A | F53: =C53*60*IF(MAIN!$G$4="SA36",VLOOKUP(MAIN!$D$7,SHELLS!$AC:$AG,4,FALSE),VLOOKUP(MAIN!$D$7,SHELLS!$AC:$AG,2,FALSE))*IF(MAIN!$G$4="SA36",20.42,21.66)/144*IF(MAIN!$G$4="SA36",[1]Plate!$C$35,IF(MAIN!$G$4="304",[1]Plate!$I$8,[1]Plate!$O$8)) -> #N/A
A54: 50 | B54: SHELL 1/2" X 60 | C54: =VLOOKUP(0.5,Lists!$AP$4:$AU$12,3,FALSE) -> #N/A | D54: =IF(MAIN!$G$4="SA36",CONCATENATE(".5 X 60 X ",VLOOKUP(MAIN!$D$7,SHELLS!$AC:$AG,5,FALSE)),CONCATENATE(".5 X 60 X ",VLOOKUP(MAIN!$D$7,SHELLS!$AC:$AG,3,FALSE))) -> #N/A | E54: =IF(C54>0,MAIN!$G$4,) -> #N/A | F54: =C54*60*IF(MAIN!$G$4="SA36",VLOOKUP(MAIN!$D$7,SHELLS!$AC:$AG,5,FALSE),VLOOKUP(MAIN!$D$7,SHELLS!$AC:$AG,3,FALSE))*IF(MAIN!$G$4="SA36",20.42,21.66)/144*IF(MAIN!$G$4="SA36",[1]Plate!$C$35,IF(MAIN!$G$4="304",[1]Plate!$I$8,[1]Plate!$O$8)) -> #N/A
A55: 51 | B55: SHELL 1/2" X 72 | C55: =VLOOKUP(0.5,Lists!$AP$4:$AU$12,4,FALSE) -> #N/A | D55: =IF(MAIN!$G$4="SA36",CONCATENATE(".5 X 72 X ",VLOOKUP(MAIN!$D$7,SHELLS!$AC:$AG,4,FALSE)),CONCATENATE(".5 X 72 X ",VLOOKUP(MAIN!$D$7,SHELLS!$AC:$AG,2,FALSE))) -> #N/A | E55: =IF(C55>0,MAIN!$G$4,) -> #N/A | F55: =C55*72*IF(MAIN!$G$4="SA36",VLOOKUP(MAIN!$D$7,SHELLS!$AC:$AG,4,FALSE),VLOOKUP(MAIN!$D$7,SHELLS!$AC:$AG,2,FALSE))*IF(MAIN!$G$4="SA36",20.42,21.66)/144*IF(MAIN!$G$4="SA36",[1]Plate!$C$35,IF(MAIN!$G$4="304",SUM(0.45,[1]Plate!$I$8),SUM(0.45,[1]Plate!$O$8))) -> #N/A
A56: 52 | B56: SHELL 1/2" X 72 | C56: =VLOOKUP(0.5,Lists!$AP$4:$AU$12,4,FALSE) -> #N/A | D56: =IF(MAIN!$G$4="SA36",CONCATENATE(".5 X 72 X ",VLOOKUP(MAIN!$D$7,SHELLS!$AC:$AG,5,FALSE)),CONCATENATE(".5 X 72 X ",VLOOKUP(MAIN!$D$7,SHELLS!$AC:$AG,3,FALSE))) -> #N/A | E56: =IF(C56>0,MAIN!$G$4,) -> #N/A | F56: =C56*72*IF(MAIN!$G$4="SA36",VLOOKUP(MAIN!$D$7,SHELLS!$AC:$AG,5,FALSE),VLOOKUP(MAIN!$D$7,SHELLS!$AC:$AG,3,FALSE))*IF(MAIN!$G$4="SA36",20.42,21.66)/144*IF(MAIN!$G$4="SA36",[1]Plate!$C$35,IF(MAIN!$G$4="304",SUM(0.45,[1]Plate!$I$8),SUM(0.45,[1]Plate!$O$8))) -> #N/A
A57: 53 | B57: SHELL 1/2" X 96 | C57: =VLOOKUP(0.5,Lists!$AP$4:$AU$12,5,FALSE) -> #N/A | D57: =IF(MAIN!$G$4="SA36",CONCATENATE(".5 X 96 X ",VLOOKUP(MAIN!$D$7,SHELLS!$AC:$AG,4,FALSE)),CONCATENATE(".5 X 96 X ",VLOOKUP(MAIN!$D$7,SHELLS!$AC:$AG,2,FALSE))) -> #N/A | E57: =IF(C57>0,MAIN!$G$4,) -> #N/A | F57: =C57*96*IF(MAIN!$G$4="SA36",VLOOKUP(MAIN!$D$7,SHELLS!$AC:$AG,4,FALSE),)*IF(MAIN!$G$4="SA36",20.42,21.66)/144*IF(MAIN!$G$4="SA36",[1]Plate!$C$49,) -> #N/A
A58: 54 | B58: SHELL 1/2" X 96 | C58: =VLOOKUP(0.5,Lists!$AP$4:$AU$12,5,FALSE) -> #N/A | D58: =IF(MAIN!$G$4="SA36",CONCATENATE(".5 X 96 X ",VLOOKUP(MAIN!$D$7,SHELLS!$AC:$AG,5,FALSE)),CONCATENATE(".5 X 96 X ",VLOOKUP(MAIN!$D$7,SHELLS!$AC:$AG,3,FALSE))) -> #N/A | E58: =IF(C58>0,MAIN!$G$4,) -> #N/A | F58: =C58*96*IF(MAIN!$G$4="SA36",VLOOKUP(MAIN!$D$7,SHELLS!$AC:$AG,5,FALSE),)*IF(MAIN!$G$4="SA36",20.42,21.66)/144*IF(MAIN!$G$4="SA36",[1]Plate!$C$49,) -> #N/A
A59: 55 | B59: SHELL 1/2" X 120 | C59: =VLOOKUP(0.5,Lists!$AP$4:$AU$12,6,FALSE) -> #N/A | D59: =IF(MAIN!$G$4="SA36",CONCATENATE(".5 X 120 X ",VLOOKUP(MAIN!$D$7,SHELLS!$AC:$AG,4,FALSE)),CONCATENATE(".5 X 120 X ",VLOOKUP(MAIN!$D$7,SHELLS!$AC:$AG,2,FALSE))) -> #N/A | E59: =IF(C59>0,MAIN!$G$4,) -> #N/A | F59: =C59*120*IF(MAIN!$G$4="SA36",VLOOKUP(MAIN!$D$7,SHELLS!$AC:$AG,4,FALSE),)*IF(MAIN!$G$4="SA36",20.42,21.66)/144*IF(MAIN!$G$4="SA36",[1]Plate!$C$50,) -> #N/A
A60: 56 | B60: SHELL 1/2" X 120 | C60: =VLOOKUP(0.5,Lists!$AP$4:$AU$12,6,FALSE) -> #N/A | D60: =IF(MAIN!$G$4="SA36",CONCATENATE(".5 X 120 X ",VLOOKUP(MAIN!$D$7,SHELLS!$AC:$AG,5,FALSE)),CONCATENATE(".5 X 120 X ",VLOOKUP(MAIN!$D$7,SHELLS!$AC:$AG,3,FALSE))) -> #N/A | E60: =IF(C60>0,MAIN!$G$4,) -> #N/A | F60: =C60*120*IF(MAIN!$G$4="SA36",VLOOKUP(MAIN!$D$7,SHELLS!$AC:$AG,5,FALSE),)*IF(MAIN!$G$4="SA36",20.42,21.66)/144*IF(MAIN!$G$4="SA36",[1]Plate!$C$50,) -> #N/A
A61: 57 | B61: FLAT BOTTOM | C61: =IF(MAIN!$L$4<>"",1," ") | D61: =IF(C61=1,CONCATENATE(MAIN!L4,Lists!$C$2,Lists!$C$1,VLOOKUP(MAIN!$D$7,'top-bottom sizes'!B:F,2,FALSE)),) -> 0 | E61: =IF(C61=1,MAIN!$G$4,) -> 0 | F61: =IF(C61=1,VLOOKUP(MAIN!$D$7,'top-bottom sizes'!B:T,12,FALSE)*VLOOKUP(MAIN!$D$7,'top-bottom sizes'!B:T,13,FALSE)*Lists!$X$29/144*VLOOKUP(MAIN!$O$3,IF(MAIN!$G$4="SA36",[1]Plate!$A$31:$C$39,IF(MAIN!$G$4="304",[1]Plate!$G$4:$I$11,[1]Plate!$M$4:$O$11)),3,FALSE),) -> 0 | G61: =IF(C61=1,VLOOKUP(MAIN!$D$7,'top-bottom sizes'!B:K,9,FALSE),) -> 0
A62: 58 | C62: =IF(MAIN!$L$4<>"",1," ") | D62: =IF(C62=1,CONCATENATE(MAIN!$L$4,Lists!$C$2,Lists!$C$1,VLOOKUP(MAIN!$D$7,'top-bottom sizes'!B:F,3,FALSE)),) -> 0 | E62: =IF(C62=1,MAIN!$G$4,) -> 0 | F62: =IF(C62=1,VLOOKUP(MAIN!$D$7,'top-bottom sizes'!B:T,14,FALSE)*VLOOKUP(MAIN!$D$7,'top-bottom sizes'!B:T,15,FALSE)*Lists!$X$29/144*VLOOKUP(MAIN!$O$3,IF(MAIN!$G$4="SA36",[1]Plate!$A$31:$C$39,IF(MAIN!$G$4="304",[1]Plate!$G$4:$I$11,[1]Plate!$M$4:$O$11)),3,FALSE),) -> 0 | G62: -
A63: 59 | B63: INSULATION RINGS | C63: =IF(MAIN!Q6="YES",ROUNDUP(MAIN!D8/120,0)+IF(MAIN!D8<121,0,-1)) -> FALSE | D63: {=CONCATENATE("1/4"," X ",VLOOKUP(MAIN!D7,SHELLS!AI:AO,_xlfn.IFS(MAIN!Q7=2,2,MAIN!Q7=3,4,MAIN!Q7=4,6),FALSE)," X ",VLOOKUP(MAIN!D7,SHELLS!AI:AO,_xlfn.IFS(MAIN!Q7=2,3,MAIN!Q7=3,5,MAIN!Q7=4,7),FALSE))} -> #N/A | E63: {=_xlfn.IFS(MAIN!$G$4="SA36","sa36",MAIN!$G$4=304,304,MAIN!$G$4=316,304)} -> #N/A | F63: {=C63*VLOOKUP(MAIN!D7,SHELLS!AI:AO,_xlfn.IFS(MAIN!Q7=2,2,MAIN!Q7=3,4,MAIN!Q7=4,6),FALSE)*VLOOKUP(MAIN!D7,SHELLS!AI:AO,_xlfn.IFS(MAIN!Q7=2,3,MAIN!Q7=3,5,MAIN!Q7=4,7),FALSE)*IF(E63=304,11.16,10.21)/144*IF(E63=304,[1]Plate!$I$5,[1]Plate!$C$32)} -> #N/A | G63: =C63*VLOOKUP(MAIN!D7,SHELLS!AI:AP,8) -> #N/A
A64: 60 | B64: GROUND LUGS/NP | C64: =IF(MAIN!C4<>"",1,) -> 0 | D64: Savannah Tank Standard | E64: {=_xlfn.IFS(MAIN!$G$4="SA36","sa36",MAIN!$G$4=304,304,MAIN!$G$4=316,304)} -> #N/A | F64: =C64*30 -> 0 | G64: =C64*1 -> 0
A65: 61 | B65: LIFTING LUGS | C65: =MAIN!T6 -> 0 | D65: 1/2" X 6" X 6" | E65: {=_xlfn.IFS(MAIN!$G$4="SA36","sa36",MAIN!$G$4=304,304,MAIN!$G$4=316,304)} -> #N/A | F65: =6*6*IF(MAIN!G4="sa36",20.42,21.66)/144*IF(MAIN!G4="SA36",[1]Plate!$C$35,[1]Plate!$I$8)*C65 -> 0 | G65: =C65*1 -> 0
A66: 62 | B66: ANCHOR CHAIRS | C66: =MAIN!Q10 -> 0 | D66: =CONCATENATE(MAIN!R11," X 9 X 14") -> X 9 X 14 | E66: {=_xlfn.IFS(MAIN!$G$4="SA36","sa36",MAIN!$G$4=304,304,MAIN!$G$4=316,304)} -> #N/A | F66: =$C66*9*14*VLOOKUP(MAIN!$R11,Lists!$W$5:$Y$14,IF(MAIN!$G$4="SA36",3,2),FALSE)/144*VLOOKUP(MAIN!$R11,IF(PRODUCT!$E66="SA36",[1]Plate!$A$31:$C$39,[1]Plate!$G$4:$I$11),3,FALSE)*IF(MAIN!R11>0.5,2,1) -> #N/A | G66: =C66*4 -> 0
A67: 63 | B67: ANCHOR CHAIRS | C67: =MAIN!Q10*2 -> 0 | D67: =CONCATENATE(MAIN!R12," X 10 X 18") -> X 10 X 18 | E67: {=_xlfn.IFS(MAIN!$G$4="SA36","sa36",MAIN!$G$4=304,304,MAIN!$G$4=316,304)} -> #N/A | F67: =$C67*10*18*VLOOKUP(MAIN!$R12,Lists!$W$5:$Y$14,IF(MAIN!$G$4="SA36",3,2),FALSE)/144*VLOOKUP(MAIN!$R12,IF(PRODUCT!$E67="SA36",[1]Plate!$A$31:$C$39,[1]Plate!$G$4:$I$11),3,FALSE)*IF(MAIN!R12>0.5,2,1) -> #N/A | G67: -
A68: 64 | B68: BAFFLES | C68: =MAIN!F10 -> 0 | D68: =CONCATENATE(".25 X ",MAIN!G9," X ",Lists!H30," MF: (1) ",Lists!F30," X ",Lists!H30) -> .25 X X 120 MF: (1) 48 X 120 | E68: =MAIN!G4 -> 0 | F68: {=IF(MAIN!D9="yes",Lists!F30*Lists!H30*IF(MAIN!G4="SA36",10.21,11.16)/144*_xlfn.IFS(MAIN!G4="SA36",[1]Plate!$C$32,MAIN!G4=304,[1]Plate!$I$5,MAIN!G4=316,[1]Plate!$O$5),)} -> 0 | G68: =VLOOKUP(MAIN!I9,SHELLS!BK:BL,2,FALSE)*C68 -> #N/A
A69: 65 | B69: BAFFLE SUPPORTS | C69: =MROUND(C68*MAIN!I9/48,C68) -> 0 | D69: =CONCATENATE(".25 X 2 X 24") -> .25 X 2 X 24 | E69: =MAIN!G$4 -> 0 | F69: =IF(MAIN!D9="yes",0.01,) -> 0 | G69: =VLOOKUP(MAIN!I9,SHELLS!BK:BM,3,FALSE)*C68 -> #N/A
A70: 66 | B70: Couplings | C70: =MAIN!K17 -> 0 | D70: 1/8" 3000# Coupling | E70: {=_xlfn.IFS(MAIN!$G$4="sa36",[1]master!$AK$184,MAIN!G4=304,[1]master!$BJ$185,MAIN!G4=316,[1]master!$CJ$184)} -> #N/A | F70: =VLOOKUP(D70,_xlfn.IFS(MAIN!$G$4="sa36",[1]master!$AJ$182:$AL$191,MAIN!$G$4=304,[1]master!$BI$182:$BK$191,MAIN!$G$4=316,[1]master!$CI$182:$CK$191),3,FALSE)*C70 -> #N/A | G70: =VLOOKUP(MAIN!$O$3,Nozzles!$A:$P,2,FALSE)*C70 -> #N/A
A71: 67 | B71: Couplings | C71: =MAIN!K18 -> 0 | D71: 1/4" 3000# Coupling | E71: {=_xlfn.IFS(MAIN!$G$4="sa36",[1]master!$AK$184,MAIN!G$4=304,[1]master!$BJ$185,MAIN!$G$4=316,[1]master!$CJ$184)} -> #N/A | F71: =VLOOKUP(D71,_xlfn.IFS(MAIN!$G$4="sa36",[1]master!$AJ$182:$AL$191,MAIN!$G$4=304,[1]master!$BI$182:$BK$191,MAIN!$G$4=316,[1]master!$CI$182:$CK$191),3,FALSE)*C71 -> #N/A | G71: =VLOOKUP(MAIN!$O$3,Nozzles!$A:$P,2,FALSE)*C71 -> #N/A
A72: 68 | B72: Couplings | C72: =MAIN!K19 -> 0 | D72: 3/8" 3000# Coupling | E72: {=_xlfn.IFS(MAIN!$G$4="sa36",[1]master!$AK$184,MAIN!G$4=304,[1]master!$BJ$185,MAIN!$G$4=316,[1]master!$CJ$184)} -> #N/A | F72: =VLOOKUP(D72,_xlfn.IFS(MAIN!$G$4="sa36",[1]master!$AJ$182:$AL$191,MAIN!$G$4=304,[1]master!$BI$182:$BK$191,MAIN!$G$4=316,[1]master!$CI$182:$CK$191),3,FALSE)*C72 -> #N/A | G72: =VLOOKUP(MAIN!$O$3,Nozzles!$A:$P,2,FALSE)*C72 -> #N/A
A73: 69 | B73: Couplings | C73: =MAIN!K20 -> 0 | D73: 1/2" 3000# Coupling | E73: {=_xlfn.IFS(MAIN!$G$4="sa36",[1]master!$AK$184,MAIN!G$4=304,[1]master!$BJ$185,MAIN!$G$4=316,[1]master!$CJ$184)} -> #N/A | F73: =VLOOKUP(D73,_xlfn.IFS(MAIN!$G$4="sa36",[1]master!$AJ$182:$AL$191,MAIN!$G$4=304,[1]master!$BI$182:$BK$191,MAIN!$G$4=316,[1]master!$CI$182:$CK$191),3,FALSE)*C73 -> #N/A | G73: =VLOOKUP(MAIN!$O$3,Nozzles!$A:$P,2,FALSE)*C73 -> #N/A
A74: 70 | B74: Couplings | C74: =MAIN!K21 -> 0 | D74: 3/4" 3000# Coupling | E74: {=_xlfn.IFS(MAIN!$G$4="sa36",[1]master!$AK$184,MAIN!G$4=304,[1]master!$BJ$185,MAIN!$G$4=316,[1]master!$CJ$184)} -> #N/A | F74: =VLOOKUP(D74,_xlfn.IFS(MAIN!$G$4="sa36",[1]master!$AJ$182:$AL$191,MAIN!$G$4=304,[1]master!$BI$182:$BK$191,MAIN!$G$4=316,[1]master!$CI$182:$CK$191),3,FALSE)*C74 -> #N/A | G74: =VLOOKUP(MAIN!$O$3,Nozzles!$A:$P,2,FALSE)*C74 -> #N/A
A75: 71 | B75: Couplings | C75: =MAIN!K22 -> 0 | D75: 1" 3000# Coupling | E75: {=_xlfn.IFS(MAIN!$G$4="sa36",[1]master!$AK$184,MAIN!G$4=304,[1]master!$BJ$185,MAIN!$G$4=316,[1]master!$CJ$184)} -> #N/A | F75: =VLOOKUP(D75,_xlfn.IFS(MAIN!$G$4="sa36",[1]master!$AJ$182:$AL$191,MAIN!$G$4=304,[1]master!$BI$182:$BK$191,MAIN!$G$4=316,[1]master!$CI$182:$CK$191),3,FALSE)*C75 -> #N/A | G75: =VLOOKUP(MAIN!$O$3,Nozzles!$A:$P,2,FALSE)*C75 -> #N/A
A76: 72 | B76: Couplings | C76: =MAIN!K23 -> 0 | D76: 1.5" 3000# Coupling | E76: {=_xlfn.IFS(MAIN!$G$4="sa36",[1]master!$AK$184,MAIN!G$4=304,[1]master!$BJ$185,MAIN!$G$4=316,[1]master!$CJ$184)} -> #N/A | F76: =VLOOKUP(D76,_xlfn.IFS(MAIN!$G$4="sa36",[1]master!$AJ$182:$AL$191,MAIN!$G$4=304,[1]master!$BI$182:$BK$191,MAIN!$G$4=316,[1]master!$CI$182:$CK$191),3,FALSE)*C76 -> #N/A | G76: =VLOOKUP(MAIN!$O$3,Nozzles!$A:$P,2,FALSE)*C76 -> #N/A
A77: 73 | B77: Couplings | C77: =MAIN!K24 -> 0 | D77: 2" 3000# Coupling | E77: {=_xlfn.IFS(MAIN!$G$4="sa36",[1]master!$AK$184,MAIN!G$4=304,[1]master!$BJ$185,MAIN!$G$4=316,[1]master!$CJ$184)} -> #N/A | F77: =VLOOKUP(D77,_xlfn.IFS(MAIN!$G$4="sa36",[1]master!$AJ$182:$AL$191,MAIN!$G$4=304,[1]master!$BI$182:$BK$191,MAIN!$G$4=316,[1]master!$CI$182:$CK$191),3,FALSE)*C77 -> #N/A | G77: =VLOOKUP(MAIN!$O$3,Nozzles!$A:$P,2,FALSE)*C77 -> #N/A
A78: 74 | B78: Couplings | C78: =MAIN!K25 -> 0 | D78: 3" 3000# Coupling | E78: {=_xlfn.IFS(MAIN!$G$4="sa36",[1]master!$AK$184,MAIN!G$4=304,[1]master!$BJ$185,MAIN!$G$4=316,[1]master!$CJ$184)} -> #N/A | F78: =VLOOKUP(D78,_xlfn.IFS(MAIN!$G$4="sa36",[1]master!$AJ$182:$AL$191,MAIN!$G$4=304,[1]master!$BI$182:$BK$191,MAIN!$G$4=316,[1]master!$CI$182:$CK$191),3,FALSE)*C78 -> #N/A | G78: =VLOOKUP(MAIN!$O$3,Nozzles!$A:$P,2,FALSE)*C78 -> #N/A
A79: 75 | B79: Couplings | C79: =MAIN!K26 -> 0 | D79: 4" 3000# Coupling | E79: {=_xlfn.IFS(MAIN!$G$4="sa36",[1]master!$AK$184,MAIN!G$4=304,[1]master!$BJ$185,MAIN!$G$4=316,[1]master!$CJ$184)} -> #N/A | F79: =VLOOKUP(D79,_xlfn.IFS(MAIN!$G$4="sa36",[1]master!$AJ$182:$AL$191,MAIN!$G$4=304,[1]master!$BI$182:$BK$191,MAIN!$G$4=316,[1]master!$CI$182:$CK$191),3,FALSE)*C79 -> #N/A | G79: =VLOOKUP(MAIN!$O$3,Nozzles!$A:$P,5,FALSE)*C79 -> #N/A
A80: 76 | B80: Pipe stub | C80: =MAIN!N17 -> 0 | D80: =CONCATENATE(MAIN!O17," ",MAIN!P17," X 1'") -> X 1' | E80: {=_xlfn.IFS(MAIN!$G$4="sa36",[1]master!$AB$96,MAIN!G$4=304,[1]master!$BA$96,MAIN!$G$4=316,[1]master!$CA$94)} -> #N/A | F80: {=C80*IF(MAIN!$O17>13,VLOOKUP(MAIN!$O17,Nozzles!$A$11:$F$16,_xlfn.IFS(MAIN!$O$5=0.1875,2,MAIN!$O$5=0.25,3,MAIN!$O$5=0.3125,4,MAIN!$O$5=0.375,5,MAIN!$O$5=0.5,6),FALSE),VLOOKUP(MAIN!$O17,Nozzles!$A$21:$G$31,_xlfn.IFS(AND(MAIN!$G$4="sa36",MAIN!$C$15="sch40"),2,AND(MAIN!$G$4="sa36",MAIN!$C$15="sch80"),3,AND(MAIN!$G$4=304,MAIN!$C$15="sch40"),4,AND(MAIN!$G$4=304,MAIN!$C$15="sch80"),5,AND(MAIN!$G$4=316,MAIN!$C$15="sch40"),6,AND(MAIN!$G$4=316,MAIN!$C$15="sch80"),7),FALSE))} -> #N/A | G80: {=$C80*VLOOKUP(MAIN!$O$5,Nozzles!$A$2:$P$6,_xlfn.IFS(MAIN!$O17=0.5,2,MAIN!$O17=1,2,MAIN!$O17=1.5,3,MAIN!$O17=2,3,MAIN!$O17=3,4,MAIN!$O17=4,5,MAIN!$O17=5,6,MAIN!$O17=6,7,MAIN!$O17=8,8,MAIN!$O17=10,9,MAIN!$O17=12,10,MAIN!$O17=14,11,MAIN!$O17=16,12,MAIN!$O17=18,13,MAIN!$O17=20,14,MAIN!$O17=24,15,MAIN!$O17=30,16),FALSE)} -> #N/A
A81: 77 | B81: Pipe stub | C81: =MAIN!N18 -> 0 | D81: =CONCATENATE(MAIN!O18," ",MAIN!P18," X 1'") -> X 1' | E81: {=_xlfn.IFS(MAIN!$G$4="sa36",[1]master!$AB$96,MAIN!G$4=304,[1]master!$BA$96,MAIN!$G$4=316,[1]master!$CA$94)} -> #N/A | F81: {=C81*IF(MAIN!$O18>13,VLOOKUP(MAIN!$O18,Nozzles!$A$11:$F$16,_xlfn.IFS(MAIN!$O$5=0.1875,2,MAIN!$O$5=0.25,3,MAIN!$O$5=0.3125,4,MAIN!$O$5=0.375,5,MAIN!$O$5=0.5,6),FALSE),VLOOKUP(MAIN!$O18,Nozzles!$A$21:$G$31,_xlfn.IFS(AND(MAIN!$G$4="sa36",MAIN!$C$15="sch40"),2,AND(MAIN!$G$4="sa36",MAIN!$C$15="sch80"),3,AND(MAIN!$G$4=304,MAIN!$C$15="sch40"),4,AND(MAIN!$G$4=304,MAIN!$C$15="sch80"),5,AND(MAIN!$G$4=316,MAIN!$C$15="sch40"),6,AND(MAIN!$G$4=316,MAIN!$C$15="sch80"),7),FALSE))} -> #N/A | G81: {=$C81*VLOOKUP(MAIN!$O$5,Nozzles!$A$2:$P$6,_xlfn.IFS(MAIN!$O18=0.5,2,MAIN!$O18=1,2,MAIN!$O18=1.5,3,MAIN!$O18=2,3,MAIN!$O18=3,4,MAIN!$O18=4,5,MAIN!$O18=5,6,MAIN!$O18=6,7,MAIN!$O18=8,8,MAIN!$O18=10,9,MAIN!$O18=12,10,MAIN!$O18=14,11,MAIN!$O18=16,12,MAIN!$O18=18,13,MAIN!$O18=20,14,MAIN!$O18=24,15,MAIN!$O18=30,16),FALSE)} -> #N/A
A82: 78 | B82: Pipe stub | C82: =MAIN!N19 -> 0 | D82: =CONCATENATE(MAIN!O19," ",MAIN!P19," X 1'") -> X 1' | E82: {=_xlfn.IFS(MAIN!$G$4="sa36",[1]master!$AB$96,MAIN!G$4=304,[1]master!$BA$96,MAIN!$G$4=316,[1]master!$CA$94)} -> #N/A | F82: {=C82*IF(MAIN!$O19>13,VLOOKUP(MAIN!$O19,Nozzles!$A$11:$F$16,_xlfn.IFS(MAIN!$O$5=0.1875,2,MAIN!$O$5=0.25,3,MAIN!$O$5=0.3125,4,MAIN!$O$5=0.375,5,MAIN!$O$5=0.5,6),FALSE),VLOOKUP(MAIN!$O19,Nozzles!$A$21:$G$31,_xlfn.IFS(AND(MAIN!$G$4="sa36",MAIN!$C$15="sch40"),2,AND(MAIN!$G$4="sa36",MAIN!$C$15="sch80"),3,AND(MAIN!$G$4=304,MAIN!$C$15="sch40"),4,AND(MAIN!$G$4=304,MAIN!$C$15="sch80"),5,AND(MAIN!$G$4=316,MAIN!$C$15="sch40"),6,AND(MAIN!$G$4=316,MAIN!$C$15="sch80"),7),FALSE))} -> #N/A | G82: {=$C82*VLOOKUP(MAIN!$O$5,Nozzles!$A$2:$P$6,_xlfn.IFS(MAIN!$O19=0.5,2,MAIN!$O19=1,2,MAIN!$O19=1.5,3,MAIN!$O19=2,3,MAIN!$O19=3,4,MAIN!$O19=4,5,MAIN!$O19=5,6,MAIN!$O19=6,7,MAIN!$O19=8,8,MAIN!$O19=10,9,MAIN!$O19=12,10,MAIN!$O19=14,11,MAIN!$O19=16,12,MAIN!$O19=18,13,MAIN!$O19=20,14,MAIN!$O19=24,15,MAIN!$O19=30,16),FALSE)} -> #N/A
A83: 79 | B83: Pipe stub | C83: =MAIN!N20 -> 0 | D83: =CONCATENATE(MAIN!O20," ",MAIN!P20," X 1'") -> X 1' | E83: {=_xlfn.IFS(MAIN!$G$4="sa36",[1]master!$AB$96,MAIN!G$4=304,[1]master!$BA$96,MAIN!$G$4=316,[1]master!$CA$94)} -> #N/A | F83: {=C83*IF(MAIN!$O20>13,VLOOKUP(MAIN!$O20,Nozzles!$A$11:$F$16,_xlfn.IFS(MAIN!$O$5=0.1875,2,MAIN!$O$5=0.25,3,MAIN!$O$5=0.3125,4,MAIN!$O$5=0.375,5,MAIN!$O$5=0.5,6),FALSE),VLOOKUP(MAIN!$O20,Nozzles!$A$21:$G$31,_xlfn.IFS(AND(MAIN!$G$4="sa36",MAIN!$C$15="sch40"),2,AND(MAIN!$G$4="sa36",MAIN!$C$15="sch80"),3,AND(MAIN!$G$4=304,MAIN!$C$15="sch40"),4,AND(MAIN!$G$4=304,MAIN!$C$15="sch80"),5,AND(MAIN!$G$4=316,MAIN!$C$15="sch40"),6,AND(MAIN!$G$4=316,MAIN!$C$15="sch80"),7),FALSE))} -> #N/A | G83: {=$C83*VLOOKUP(MAIN!$O$5,Nozzles!$A$2:$P$6,_xlfn.IFS(MAIN!$O20=0.5,2,MAIN!$O20=1,2,MAIN!$O20=1.5,3,MAIN!$O20=2,3,MAIN!$O20=3,4,MAIN!$O20=4,5,MAIN!$O20=5,6,MAIN!$O20=6,7,MAIN!$O20=8,8,MAIN!$O20=10,9,MAIN!$O20=12,10,MAIN!$O20=14,11,MAIN!$O20=16,12,MAIN!$O20=18,13,MAIN!$O20=20,14,MAIN!$O20=24,15,MAIN!$O20=30,16),FALSE)} -> #N/A
A84: 80 | B84: manway #1 neck | C84: =MAIN!N29 -> 0 | D84: =CONCATENATE(IF(MAIN!$O$5=0.1875,"0.25",MAIN!$O$5)," X ",VLOOKUP(MAIN!$O29,Nozzles!$L$12:$N$14,3,FALSE)) -> #N/A | E84: =MAIN!G$4 -> 0 | F84: {=$C84*VLOOKUP(MAIN!$O29,Nozzles!$A$14:$F$16,_xlfn.IFS(MAIN!$O$5=0.1875,3,MAIN!$O$5=0.25,3,MAIN!$O$5=0.3125,4,MAIN!$O$5=0.375,5,MAIN!$O$5=0.5,6),FALSE)} -> #N/A | G84: {=$C84*VLOOKUP(MAIN!$O$3,Nozzles!$A$2:$P$6,_xlfn.IFS(MAIN!$O29=0.5,2,MAIN!$O29=1,2,MAIN!$O29=1.5,3,MAIN!$O29=2,3,MAIN!$O29=3,4,MAIN!$O29=4,5,MAIN!$O29=5,6,MAIN!$O29=6,7,MAIN!$O29=8,8,MAIN!$O29=10,9,MAIN!$O29=12,10,MAIN!$O29=14,11,MAIN!$O29=16,12,MAIN!$O29=18,13,MAIN!$O29=20,14,MAIN!$O29=24,15,MAIN!$O29=30,16),FALSE)} -> #N/A
A85: 81 | B85: manway #2 neck | C85: =MAIN!N30 -> 0 | D85: =CONCATENATE(IF(MAIN!$O$5=0.1875,"0.25",MAIN!$O$5)," X ",VLOOKUP(MAIN!$O30,Nozzles!$L$12:$N$14,3,FALSE)) -> #N/A | E85: =MAIN!G$4 -> 0 | F85: {=$C85*VLOOKUP(MAIN!$O30,Nozzles!$A$14:$F$16,_xlfn.IFS(MAIN!$O$5=0.1875,3,MAIN!$O$5=0.25,3,MAIN!$O$5=0.3125,4,MAIN!$O$5=0.375,5,MAIN!$O$5=0.5,6),FALSE)} -> #N/A | G85: {=$C85*VLOOKUP(MAIN!$O$3,Nozzles!$A$2:$P$6,_xlfn.IFS(MAIN!$O30=0.5,2,MAIN!$O30=1,2,MAIN!$O30=1.5,3,MAIN!$O30=2,3,MAIN!$O30=3,4,MAIN!$O30=4,5,MAIN!$O30=5,6,MAIN!$O30=6,7,MAIN!$O30=8,8,MAIN!$O30=10,9,MAIN!$O30=12,10,MAIN!$O30=14,11,MAIN!$O30=16,12,MAIN!$O30=18,13,MAIN!$O30=20,14,MAIN!$O30=24,15,MAIN!$O30=30,16),FALSE)} -> #N/A
A86: 82 | B86: manway #3 neck | C86: =MAIN!N31 -> 0 | D86: =CONCATENATE(IF(MAIN!$O$5=0.1875,"0.25",MAIN!$O$5)," X ",VLOOKUP(MAIN!$O31,Nozzles!$L$12:$N$14,3,FALSE)) -> #N/A | E86: =MAIN!G$4 -> 0 | F86: {=$C86*VLOOKUP(MAIN!$O31,Nozzles!$A$14:$F$16,_xlfn.IFS(MAIN!$O$5=0.1875,3,MAIN!$O$5=0.25,3,MAIN!$O$5=0.3125,4,MAIN!$O$5=0.375,5,MAIN!$O$5=0.5,6),FALSE)} -> #N/A | G86: {=$C86*VLOOKUP(MAIN!$O$3,Nozzles!$A$2:$P$6,_xlfn.IFS(MAIN!$O31=0.5,2,MAIN!$O31=1,2,MAIN!$O31=1.5,3,MAIN!$O31=2,3,MAIN!$O31=3,4,MAIN!$O31=4,5,MAIN!$O31=5,6,MAIN!$O31=6,7,MAIN!$O31=8,8,MAIN!$O31=10,9,MAIN!$O31=12,10,MAIN!$O31=14,11,MAIN!$O31=16,12,MAIN!$O31=18,13,MAIN!$O31=20,14,MAIN!$O31=24,15,MAIN!$O31=30,16),FALSE)} -> #N/A
A87: 83 | B87: manway #1 flange | C87: =MAIN!N29 -> 0 | D87: =IF(MAIN!$P29="API",".625 thick flange",CONCATENATE(MAIN!$O29," 150# ",MAIN!$P29)) -> 150# | E87: {=IF(MAIN!P29="API",MAIN!G4,_xlfn.IFS(MAIN!$G$4="sa36",[1]master!$AK$184,MAIN!G$4=304,[1]master!$BJ$185,MAIN!$G$4=316,[1]master!$CJ$184))} -> #N/A | F87: {=VLOOKUP(MAIN!O29,Nozzles!$L$22:$AA$24,_xlfn.IFS(AND(MAIN!$G$4="sa36",MAIN!P29="api"),2,AND(MAIN!$G$4="sa36",MAIN!P29="rfso"),8,AND(MAIN!$G$4="sa36",MAIN!P29="rfwn"),11,AND(MAIN!$G$4=304,MAIN!P29="api"),3,AND(MAIN!$G$4=304,MAIN!P29="rfso"),9,AND(MAIN!$G$4=304,MAIN!P29="rfwn"),12,AND(MAIN!$G$4=316,MAIN!P29="api"),4,AND(MAIN!$G$4=316,MAIN!P29="RFSO"),10,AND(MAIN!$G4=316,MAIN!P29="rfwn"),13),FALSE)} -> #N/A | G87: -
A88: 84 | B88: manway #2 flange | C88: =MAIN!N30 -> 0 | D88: =IF(MAIN!$P30="API",".625 thick",CONCATENATE(MAIN!$O30," 150# ",MAIN!$P30)) -> 150# | E88: {=IF(MAIN!P30="API",MAIN!G4,_xlfn.IFS(MAIN!$G$4="sa36",[1]master!$AK$184,MAIN!G$4=304,[1]master!$BJ$185,MAIN!$G$4=316,[1]master!$CJ$184))} -> #N/A | F88: {=VLOOKUP(MAIN!O30,Nozzles!$L$22:$AA$24,_xlfn.IFS(AND(MAIN!$G$4="sa36",MAIN!P30="api"),2,AND(MAIN!$G$4="sa36",MAIN!P30="rfso"),8,AND(MAIN!$G$4="sa36",MAIN!P30="rfwn"),11,AND(MAIN!$G$4=304,MAIN!P30="api"),3,AND(MAIN!$G$4=304,MAIN!P30="rfso"),9,AND(MAIN!$G$4=304,MAIN!P30="rfwn"),12,AND(MAIN!$G$4=316,MAIN!P30="api"),4,AND(MAIN!$G$4=316,MAIN!P30="RFSO"),10,AND(MAIN!$G4=316,MAIN!P30="rfwn"),13),FALSE)} -> #N/A | G88: -
A89: 85 | B89: manway #3 flange | C89: =MAIN!N31 -> 0 | D89: =IF(MAIN!$P31="API",".625 thick",CONCATENATE(MAIN!$O31," 150# ",MAIN!$P31)) -> 150# | E89: {=IF(MAIN!P31="API",MAIN!G4,_xlfn.IFS(MAIN!$G$4="sa36",[1]master!$AK$184,MAIN!G$4=304,[1]master!$BJ$185,MAIN!$G$4=316,[1]master!$CJ$184))} -> #N/A | F89: {=VLOOKUP(MAIN!O31,Nozzles!$L$22:$AA$24,_xlfn.IFS(AND(MAIN!$G$4="sa36",MAIN!P31="api"),2,AND(MAIN!$G$4="sa36",MAIN!P31="rfso"),8,AND(MAIN!$G$4="sa36",MAIN!P31="rfwn"),11,AND(MAIN!$G$4=304,MAIN!P31="api"),3,AND(MAIN!$G$4=304,MAIN!P31="rfso"),9,AND(MAIN!$G$4=304,MAIN!P31="rfwn"),12,AND(MAIN!$G$4=316,MAIN!P31="api"),4,AND(MAIN!$G$4=316,MAIN!P31="RFSO"),10,AND(MAIN!$G4=316,MAIN!P31="RFWN"),13),FALSE)} -> #N/A | G89: -
A90: 86 | B90: Manway #1 Cover | C90: =MAIN!N29 -> 0 | D90: =IF(MAIN!$P29="API",".625 thick cover",CONCATENATE(MAIN!$O29," 150# BLIND")) -> 150# BLIND | E90: {=IF(MAIN!P29="API",MAIN!G4,_xlfn.IFS(MAIN!$G$4="sa36",[1]master!$AK$184,MAIN!G$4=304,[1]master!$BJ$185,MAIN!$G$4=316,[1]master!$CJ$184))} -> #N/A | F90: {=VLOOKUP(MAIN!O29,Nozzles!$L$22:$AA$24,_xlfn.IFS(AND(MAIN!$G$4="sa36",MAIN!P29="api"),5,AND(MAIN!$G$4=304,MAIN!P29="api"),6,AND(MAIN!$G$4=316,MAIN!P29="api"),7,AND(MAIN!$G$4="sa36",MAIN!P29="rfwn"),14,AND(MAIN!$G$4=304,MAIN!P29="rfwn"),15,AND(MAIN!$G$4=316,MAIN!P29="rfwn"),16,AND(MAIN!$G$4="sa36",MAIN!P29="rfso"),14,AND(MAIN!$G$4=304,MAIN!P29="rfso"),15,AND(MAIN!$G$4=316,MAIN!P29="rfso"),16),FALSE)} -> #N/A | G90: -
A91: 87 | B91: Manway #2 Cover | C91: =MAIN!N30 -> 0 | D91: =IF(MAIN!$P30="API",".625 thick cover",CONCATENATE(MAIN!$O30," 150# BLIND")) -> 150# BLIND | E91: {=IF(MAIN!P30="API",MAIN!G4,_xlfn.IFS(MAIN!$G$4="sa36",[1]master!$AK$184,MAIN!G$4=304,[1]master!$BJ$185,MAIN!$G$4=316,[1]master!$CJ$184))} -> #N/A | F91: {=VLOOKUP(MAIN!O30,Nozzles!$L$22:$AA$24,_xlfn.IFS(AND(MAIN!$G$4="sa36",MAIN!P30="api"),5,AND(MAIN!$G$4=304,MAIN!P30="api"),6,AND(MAIN!$G$4=316,MAIN!P30="api"),7,AND(MAIN!$G$4="sa36",MAIN!P30="rfwn"),14,AND(MAIN!$G$4=304,MAIN!P30="rfwn"),15,AND(MAIN!$G$4=316,MAIN!P30="rfwn"),16,AND(MAIN!$G$4="sa36",MAIN!P30="rfso"),14,AND(MAIN!$G$4=304,MAIN!P30="rfso"),15,AND(MAIN!$G$4=316,MAIN!P30="rfso"),16),FALSE)} -> #N/A | G91: -
A92: 88 | B92: Manway #3 Cover | C92: =MAIN!N31 -> 0 | D92: =IF(MAIN!$P31="API",".625 thick cover",CONCATENATE(MAIN!$O31," 150# BLIND")) -> 150# BLIND | E92: {=IF(MAIN!P31="API",MAIN!G4,_xlfn.IFS(MAIN!$G$4="sa36",[1]master!$AK$184,MAIN!G$4=304,[1]master!$BJ$185,MAIN!$G$4=316,[1]master!$CJ$184))} -> #N/A | F92: {=VLOOKUP(MAIN!O31,Nozzles!$L$22:$AA$24,_xlfn.IFS(AND(MAIN!$G$4="sa36",MAIN!P31="api"),5,AND(MAIN!$G$4=304,MAIN!P31="api"),6,AND(MAIN!$G$4=316,MAIN!P31="api"),7,AND(MAIN!$G$4="sa36",MAIN!P31="rfwn"),14,AND(MAIN!$G$4=304,MAIN!P31="rfwn"),15,AND(MAIN!$G$4=316,MAIN!P31="rfwn"),16,AND(MAIN!$G$4="sa36",MAIN!P31="rfso"),14,AND(MAIN!$G$4=304,MAIN!P31="rfso"),15,AND(MAIN!$G$4=316,MAIN!P31="rfso"),16),FALSE)} -> #N/A | G92: -
A93: 89 | B93: Davit Arms | C93: =COUNTIF(MAIN!Q29:Q31,"Davit") -> 0 | D93: Savannah Tank Standard | E93: =MAIN!G$4 -> 0 | F93: {=_xlfn.IFS(MAIN!$G$4="sa36",250,MAIN!$G$4=304,300,MAIN!$G$4=316,350)*$C93} -> #N/A | G93: =C93*4 -> 0
A94: 90 | B94: Hinge & Handle | C94: =COUNTIF(MAIN!Q29:Q31,"Hinge") -> 0 | D94: Savannah Tank Standard | E94: =MAIN!G$4 -> 0 | F94: {=_xlfn.IFS(MAIN!$G$4="sa36",150,MAIN!$G$4=304,200,MAIN!$G$4=316,250)*$C94} -> #N/A | G94: =C94*3 -> 0
A95: 91 | B95: Bolt Nut Gasket | C95: =SUM(MAIN!N29:N31) -> 0 | D95: =CONCATENATE(MAIN!$C$11,", ",MAIN!$C$12,", ",MAIN!$G$12) -> Garlock 3000, SA193-B7, SA193-2H | F95: =C95*750 -> 0 | G95: =C95*2 -> 0
A96: 92 | B96: Gooseneck Vent #1 | C96: =MAIN!K30*2 -> 0 | D96: =CONCATENATE(MAIN!L30," SCH40 90° ELBOW") -> SCH40 90° ELBOW | E96: {=_xlfn.IFS(MAIN!$G$4="sa36",[1]master!$AB$96,MAIN!G$4=304,[1]master!$BA$96,MAIN!$G$4=316,[1]master!$CA$94)} -> #N/A | F96: =C96*VLOOKUP(D96,_xlfn.IFS(MAIN!$G$4="SA36",[1]master!$AA$186:$AC$191,MAIN!$G$4=304,[1]master!$AZ$186:$BB$191,MAIN!$G$4=316,[1]master!$BZ$186:$CB$191),3,FALSE) -> #N/A | G96: {=$C96*VLOOKUP(MAIN!$O$5,Nozzles!$A$2:$P$6,_xlfn.IFS(MAIN!$L30=0.5,2,MAIN!$L30=1,2,MAIN!$L30=1.5,3,MAIN!$L30=2,3,MAIN!$L30=3,4,MAIN!$L30=4,5,MAIN!$L30=5,6,MAIN!$L30=6,7,MAIN!$L30=8,8,MAIN!$L30=10,9,MAIN!$L30=12,10,MAIN!$L30=14,11,MAIN!$L30=16,12,MAIN!$L30=18,13,MAIN!$L30=20,14,MAIN!$L30=24,15,MAIN!$L30=30,16),FALSE)} -> #N/A
A97: 93 | B97: Gooseneck pipe | C97: =MAIN!K30*1 -> 0 | D97: =CONCATENATE(MAIN!L30," SCH40 X 1'") -> SCH40 X 1' | E97: {=_xlfn.IFS(MAIN!$G$4="sa36",[1]master!$AB$96,MAIN!G$4=304,[1]master!$BA$96,MAIN!$G$4=316,[1]master!$CA$94)} -> #N/A | F97: {=C97*IF(MAIN!$L30>13,VLOOKUP(MAIN!$L30,Nozzles!$A$11:$F$16,_xlfn.IFS(MAIN!$O$5=0.1875,2,MAIN!$O$5=0.25,3,MAIN!$O$5=0.3125,4,MAIN!$O$5=0.375,5,MAIN!$O$5=0.5,6),FALSE),VLOOKUP(MAIN!$L30,Nozzles!$A$21:$G$31,_xlfn.IFS(AND(MAIN!$G$4="sa36",MAIN!$C$15="sch40"),2,AND(MAIN!$G$4="sa36",MAIN!$C$15="sch80"),3,AND(MAIN!$G$4=304,MAIN!$C$15="sch40"),4,AND(MAIN!$G$4=304,MAIN!$C$15="sch80"),5,AND(MAIN!$G$4=316,MAIN!$C$15="sch40"),6,AND(MAIN!$G$4=316,MAIN!$C$15="sch80"),7),FALSE))} -> #N/A | G97: -
A98: 94 | B98: Gooseneck Vent #2 | C98: =MAIN!K31*2 -> 0 | D98: =CONCATENATE(MAIN!L31," SCH40 90° ELBOW") -> SCH40 90° ELBOW | E98: {=_xlfn.IFS(MAIN!$G$4="sa36",[1]master!$AB$96,MAIN!G$4=304,[1]master!$BA$96,MAIN!$G$4=316,[1]master!$CA$94)} -> #N/A | F98: =C98*VLOOKUP(D98,_xlfn.IFS(MAIN!$G$4="SA36",[1]master!$AA$186:$AC$191,MAIN!$G$4=304,[1]master!$AZ$186:$BB$191,MAIN!$G$4=316,[1]master!$BZ$186:$CB$191),3,FALSE) -> #N/A | G98: {=$C98*VLOOKUP(MAIN!$O$5,Nozzles!$A$2:$P$6,_xlfn.IFS(MAIN!$L31=0.5,2,MAIN!$L31=1,2,MAIN!$L31=1.5,3,MAIN!$L31=2,3,MAIN!$L31=3,4,MAIN!$L31=4,5,MAIN!$L31=5,6,MAIN!$L31=6,7,MAIN!$L31=8,8,MAIN!$L31=10,9,MAIN!$L31=12,10,MAIN!$L31=14,11,MAIN!$L31=16,12,MAIN!$L31=18,13,MAIN!$L31=20,14,MAIN!$L31=24,15,MAIN!$L31=30,16),FALSE)} -> #N/A
A99: 95 | B99: Gooseneck pipe | C99: =MAIN!K31*1 -> 0 | D99: =CONCATENATE(MAIN!L31," SCH40 X 1'") -> SCH40 X 1' | E99: {=_xlfn.IFS(MAIN!$G$4="sa36",[1]master!$AB$96,MAIN!G$4=304,[1]master!$BA$96,MAIN!$G$4=316,[1]master!$CA$94)} -> #N/A | F99: {=C99*IF(MAIN!$L31>13,VLOOKUP(MAIN!$L31,Nozzles!$A$11:$F$16,_xlfn.IFS(MAIN!$O$5=0.1875,2,MAIN!$O$5=0.25,3,MAIN!$O$5=0.3125,4,MAIN!$O$5=0.375,5,MAIN!$O$5=0.5,6),FALSE),VLOOKUP(MAIN!$L31,Nozzles!$A$21:$G$31,_xlfn.IFS(AND(MAIN!$G$4="sa36",MAIN!$C$15="sch40"),2,AND(MAIN!$G$4="sa36",MAIN!$C$15="sch80"),3,AND(MAIN!$G$4=304,MAIN!$C$15="sch40"),4,AND(MAIN!$G$4=304,MAIN!$C$15="sch80"),5,AND(MAIN!$G$4=316,MAIN!$C$15="sch40"),6,AND(MAIN!$G$4=316,MAIN!$C$15="sch80"),7),FALSE))} -> #N/A | G99: -
A100: 96 | B100: Flange #1 | C100: =MAIN!$A$17 -> 0 | D100: =CONCATENATE(MAIN!$B$17," ", MAIN!$E$17," ",MAIN!$C$17) -> 150# RFSO | E100: {=IF(MAIN!P42="API",MAIN!G16,_xlfn.IFS(MAIN!$G$4="sa36",[1]master!$AK$184,MAIN!G$4=304,[1]master!$BJ$185,MAIN!$G$4=316,[1]master!$CJ$184))} -> #N/A | F100: {=VLOOKUP(MAIN!B17,Nozzles!$K$31:$T$47,_xlfn.IFS(AND(MAIN!$G$4="sa36",MAIN!C17="rfso"),2,AND(MAIN!$G$4="sa36",MAIN!C17="rfwn"),3,AND(MAIN!$G$4=304,MAIN!C17="rfso"),5,AND(MAIN!$G$4=304,MAIN!C17="rfwn"),6,AND(MAIN!$G$4=316,MAIN!C17="rfso"),8,AND(MAIN!$G$4=316,MAIN!C17="rfwn"),9),FALSE)*C100} -> #N/A | G100: {=$C100*VLOOKUP(MAIN!$O$5,Nozzles!$A$2:$P$6,_xlfn.IFS(MAIN!$B17=0.5,2,MAIN!$B17=1,2,MAIN!$B17=1.5,3,MAIN!$B17=2,3,MAIN!$B17=3,4,MAIN!$B17=4,5,MAIN!$B17=5,6,MAIN!$B17=6,7,MAIN!$B17=8,8,MAIN!$B17=10,9,MAIN!$B17=12,10,MAIN!$B17=14,11,MAIN!$B17=16,12,MAIN!$B17=18,13,MAIN!$B17=20,14,MAIN!$B17=24,15,MAIN!$B17=30,16),FALSE)} -> #N/A
...

Sheet top-bottom sizes
C2: SS Plate #1 | D2: SS plate #2 | E2: CST plate #1 | F2: CST plate #2 | H2: flat top hrs | I2: cone top hrs | J2: bottom hours | K2: rim angle hr | M2: ss plate 1 width | N2: ss plate 1 length | O2: ss plate 2 width | P2: ss plate2 length | Q2: cst 1 width | R2: cst 1 length | S2: cst 2 width | T2: cst 2 length
B3: 1 | C3: 60 x 96 | D3: Not Needed | E3: 60 x 96 | F3: Not Needed | H3: 3 | I3: 5 | J3: 3 | K3: 4 | M3: 60 | N3: 96 | Q3: 60 | R3: 96
B4: 2 | C4: 60 x 96 | D4: Not Needed | E4: 60 x 96 | F4: Not Needed | H4: 3 | I4: 5 | J4: 3 | K4: 4 | M4: 60 | N4: 96 | Q4: 60 | R4: 96
B5: 3 | C5: 60 x 96 | D5: Not Needed | E5: 60 x 96 | F5: Not Needed | H5: 3 | I5: 5 | J5: 3 | K5: 4 | M5: 60 | N5: 96 | Q5: 60 | R5: 96
B6: 4 | C6: 60 x 96 | D6: Not Needed | E6: 60 x 96 | F6: Not Needed | H6: 3 | I6: 5 | J6: 3 | K6: 4 | M6: 60 | N6: 96 | Q6: 60 | R6: 96
B7: 5 | C7: 60 x 96 | D7: Not Needed | E7: 60 x 96 | F7: Not Needed | H7: 3 | I7: 5 | J7: 3 | K7: 4 | M7: 60 | N7: 96 | Q7: 60 | R7: 96
B8: 6 | C8: 60 x 96 | D8: Not Needed | E8: 60 x 96 | F8: Not Needed | H8: 3 | I8: 5 | J8: 3 | K8: 4 | M8: 60 | N8: 96 | Q8: 60 | R8: 96
B9: 7 | C9: 60 x 96 | D9: Not Needed | E9: 60 x 96 | F9: Not Needed | H9: 3 | I9: 5 | J9: 3 | K9: 4 | M9: 60 | N9: 96 | Q9: 60 | R9: 96
B10: 8 | C10: 60 x 96 | D10: Not Needed | E10: 60 x 96 | F10: Not Needed | H10: 3 | I10: 5 | J10: 3 | K10: 4 | M10: 60 | N10: 96 | Q10: 60 | R10: 96
B11: 9 | C11: 60 x 96 | D11: Not Needed | E11: 60 x 96 | F11: Not Needed | H11: 3 | I11: 5 | J11: 3 | K11: 4 | M11: 60 | N11: 96 | Q11: 60 | R11: 96
B12: 10 | C12: 60 x 96 | D12: Not Needed | E12: 60 x 96 | F12: Not Needed | H12: 3 | I12: 5 | J12: 3 | K12: 4 | M12: 60 | N12: 96 | Q12: 60 | R12: 96
B13: 11 | C13: 60 x 96 | D13: Not Needed | E13: 60 x 96 | F13: Not Needed | H13: 3 | I13: 5 | J13: 3 | K13: 4 | M13: 60 | N13: 96 | Q13: 60 | R13: 96
B14: 12 | C14: 60 x 96 | D14: Not Needed | E14: 60 x 96 | F14: Not Needed | H14: 3 | I14: 5 | J14: 3 | K14: 4 | M14: 60 | N14: 96 | Q14: 60 | R14: 96
... B74: 72 | C74: 48 x 144 | D74: Not Needed | E74: 48 x 144 | F74: Not Needed | H74: 8 | I74: 10 | J74: 9 | K74: 7 | M74: 48 | N74: 144 | Q74: 48 | R74: 144
B75: 73 | C75: 48 x 96 | D75: 48 x 96 | E75: 48 x 96 | F75: 48 x 96 | H75: 8 | I75: 10 | J75: 9 | K75: 7 | M75: 48 | N75: 96 | O75: 48 | P75: 96 | Q75: 48 | R75: 96 | S75: 48 | T75: 96
B76: 74 | C76: 48 x 96 | D76: 48 x 96 | E76: 48 x 96 | F76: 48 x 96 | H76: 8 | I76: 10 | J76: 9 | K76: 7 | M76: 48 | N76: 96 | O76: 48 | P76: 96 | Q76: 48 | R76: 96 | S76: 48 | T76: 96
B77: 75 | C77: 48 x 96 | D77: 48 x 96 | E77: 48 x 96 | F77: 48 x 96 | H77: 8 | I77: 10 | J77: 9 | K77: 7 | M77: 48 | N77: 96 | O77: 48 | P77: 96 | Q77: 48 | R77: 96 | S77: 48 | T77: 96
B78: 76 | C78: 48 x 96 | D78: 48 x 96 | E78: 48 x 96 | F78: 48 x 96 | H78: 8 | I78: 10 | J78: 9 | K78: 7 | M78: 48 | N78: 96 | O78: 48 | P78: 96 | Q78: 48 | R78: 96 | S78: 48 | T78: 96
B79: 77 | C79: 48 x 96 | D79: 48 x 96 | E79: 48 x 96 | F79: 48 x 96 | H79: 8 | I79: 10 | J79: 9 | K79: 7 | M79: 48 | N79: 96 | O79: 48 | P79: 96 | Q79: 48 | R79: 96 | S79: 48 | T79: 96
B80: 78 | C80: 48 x 96 | D80: 48 x 96 | E80: 48 x 96 | F80: 48 x 96 | H80: 8 | I80: 10 | J80: 9 | K80: 7 | M80: 48 | N80: 96 | O80: 48 | P80: 96 | Q80: 48 | R80: 96 | S80: 48 | T80: 96
B81: 79 | C81: 48 x 96 | D81: 48 x 96 | E81: 48 x 96 | F81: 48 x 96 | H81: 8 | I81: 10 | J81: 9 | K81: 7 | M81: 48 | N81: 96 | O81: 48 | P81: 96 | Q81: 48 | R81: 96 | S81: 48 | T81: 96
B82: 80 | C82: 48 x 96 | D82: 48 x 96 | E82: 48 x 96 | F82: 48 x 96 | H82: 8 | I82: 10 | J82: 9 | K82: 7 | M82: 48 | N82: 96 | O82: 48 | P82: 96 | Q82: 48 | R82: 96 | S82: 48 | T82: 96
B83: 81 | C83: 48 x 96 | D83: 48 x 96 | E83: 48 x 96 | F83: 48 x 96 | H83: 8 | I83: 10 | J83: 9 | K83: 7 | M83: 48 | N83: 96 | O83: 48 | P83: 96 | Q83: 48 | R83: 96 | S83: 48 | T83: 96
B84: 82 | C84: 48 x 96 | D84: 48 x 96 | E84: 48 x 96 | F84: 48 x 96 | H84: 8 | I84: 10 | J84: 9 | K84: 7 | M84: 48 | N84: 96 | O84: 48 | P84: 96 | Q84: 48 | R84: 96 | S84: 48 | T84: 96
B85: 83 | C85: 48 x 96 | D85: 48 x 96 | E85: 48 x 96 | F85: 48 x 96 | H85: 8 | I85: 10 | J85: 9 | K85: 7 | M85: 48 | N85: 96 | O85: 48 | P85: 96 | Q85: 48 | R85: 96 | S85: 48 | T85: 96
B86: 84 | C86: 48 x 96 | D86: 48 x 96 | E86: 48 x 96 | F86: 48 x 96 | H86: 8 | I86: 10 | J86: 9 | K86: 7 | M86: 48 | N86: 96 | O86: 48 | P86: 96 | Q86: 48 | R86: 96 | S86: 48 | T86: 96
B87: 85 | C87: 60 x 192 | D87: Not Needed | E87: 60 x 120 | F87: 60 x 120 | H87: 10 | I87: 12 | J87: 9 | K87: 7 | M87: 60 | N87: 192 | Q87: 60 | R87: 120 | S87: 60 | T87: 120
B88: 86 | C88: 60 x 192 | D88: Not Needed | E88: 60 x 120 | F88: 60 x 120 | H88: 10 | I88: 12 | J88: 9 | K88: 7 | M88: 60 | N88: 192 | Q88: 60 | R88: 120 | S88: 60 | T88: 120
B89: 87 | C89: 60 x 192 | D89: Not Needed | E89: 60 x 120 | F89: 60 x 120 | H89: 10 | I89: 12 | J89: 9 | K89: 7 | M89: 60 | N89: 192 | Q89: 60 | R89: 120 | S89: 60 | T89: 120
B90: 88 | C90: 60 x 192 | D90: Not Needed | E90: 60 x 120 | F90: 60 x 120 | H90: 10 | I90: 12 | J90: 9 | K90: 7 | M90: 60 | N90: 192 | Q90: 60 | R90: 120 | S90: 60 | T90: 120
B91: 89 | C91: 60 x 192 | D91: Not Needed | E91: 60 x 120 | F91: 60 x 120 | H91: 10 | I91: 12 | J91: 9 | K91: 7 | M91: 60 | N91: 192 | Q91: 60 | R91: 120 | S91: 60 | T91: 120
B92: 90 | C92: 60 x 192 | D92: Not Needed | E92: 60 x 120 | F92: 60 x 120 | H92: 10 | I92: 12 | J92: 9 | K92: 7 | M92: 60 | N92: 192 | Q92: 60 | R92: 120 | S92: 60 | T92: 120
B93: 91 | C93: 60 x 192 | D93: Not Needed | E93: 60 x 120 | F93: 60 x 120 | H93: 10 | I93: 12 | J93: 9 | K93: 8 | M93: 60 | N93: 192 | Q93: 60 | R93: 120 | S93: 60 | T93: 120
B94: 92 | C94: 60 x 192 | D94: Not Needed | E94: 60 x 120 | F94: 60 x 120 | H94: 10 | I94: 12 | J94: 9 | K94: 8 | M94: 60 | N94: 192 | Q94: 60 | R94: 120 | S94: 60 | T94: 120
B95: 93 | C95: 60 x 192 | D95: Not Needed | E95: 60 x 120 | F95: 60 x 120 | H95: 10 | I95: 12 | J95: 9 | K95: 8 | M95: 60 | N95: 192 | Q95: 60 | R95: 120 | S95: 60 | T95: 120
B96: 94 | C96: 60 x 192 | D96: Not Needed | E96: 60 x 120 | F96: 60 x 120 | H96: 10 | I96: 12 | J96: 9 | K96: 8 | M96: 60 | N96: 192 | Q96: 60 | R96: 120 | S96: 60 | T96: 120
B97: 95 | C97: 60 x 192 | D97: Not Needed | E97: 60 x 120 | F97: 60 x 120 | H97: 10 | I97: 12 | J97: 9 | K97: 8 | M97: 60 | N97: 192 | Q97: 60 | R97: 120 | S97: 60 | T97: 120
B98: 96 | C98: 60 x 192 | D98: Not Needed | E98: 60 x 120 | F98: 60 x 120 | H98: 10 | I98: 12 | J98: 9 | K98: 8 | M98: 60 | N98: 192 | Q98: 60 | R98: 120 | S98: 60 | T98: 120
... B134: 132 | C134: 60 x 280 | D134: Not Needed | E134: 60 x 144 | F134: 60 x 144 | H134: 14 | I134: 17 | J134: 13 | K134: 10 | M134: 60 | N134: 280 | Q134: 60 | R134: 144 | S134: 60 | T134: 144
B135: 133 | C135: 60 x 144 | D135: 48 x 240 | E135: 60 x 144 | F135: 48 x 240 | H135: 14 | I135: 17 | J135: 13 | K135: 10 | M135: 60 | N135: 144 | O135: 48 | P135: 240 | Q135: 60 | R135: 144 | S135: 48 | T135: 240
B136: 134 | C136: 60 x 144 | D136: 48 x 240 | E136: 60 x 144 | F136: 48 x 240 | H136: 14 | I136: 17 | J136: 13 | K136: 10 | M136: 60 | N136: 144 | O136: 48 | P136: 240 | Q136: 60 | R136: 144 | S136: 48 | T136: 240
B137: 135 | C137: 60 x 144 | D137: 48 x 240 | E137: 60 x 144 | F137: 48 x 240 | H137: 14 | I137: 17 | J137: 13 | K137: 10 | M137: 60 | N137: 144 | O137: 48 | P137: 240 | Q137: 60 | R137: 144 | S137: 48 | T137: 240
B138: 136 | C138: 60 x 144 | D138: 48 x 240 | E138: 60 x 144 | F138: 48 x 240 | H138: 14 | I138: 17 | J138: 13 | K138: 10 | M138: 60 | N138: 144 | O138: 48 | P138: 240 | Q138: 60 | R138: 144 | S138: 48 | T138: 240
B139: 137 | C139: 60 x 144 | D139: 48 x 240 | E139: 60 x 144 | F139: 48 x 240 | H139: 14 | I139: 17 | J139: 13 | K139: 10 | M139: 60 | N139: 144 | O139: 48 | P139: 240 | Q139: 60 | R139: 144 | S139: 48 | T139: 240
B140: 138 | C140: 60 x 144 | D140: 48 x 240 | E140: 60 x 144 | F140: 48 x 240 | H140: 14 | I140: 17 | J140: 13 | K140: 10 | M140: 60 | N140: 144 | O140: 48 | P140: 240 | Q140: 60 | R140: 144 | S140: 48 | T140: 240
B141: 139 | C141: 60 x 144 | D141: 48 x 240 | E141: 60 x 144 | F141: 48 x 240 | H141: 14 | I141: 17 | J141: 13 | K141: 10 | M141: 60 | N141: 144 | O141: 48 | P141: 240 | Q141: 60 | R141: 144 | S141: 48 | T141: 240
B142: 140 | C142: 60 x 144 | D142: 48 x 240 | E142: 60 x 144 | F142: 48 x 240 | H142: 14 | I142: 17 | J142: 13 | K142: 10 | M142: 60 | N142: 144 | O142: 48 | P142: 240 | Q142: 60 | R142: 144 | S142: 48 | T142: 240
B143: 141 | C143: 60 x 144 | D143: 48 x 240 | E143: 60 x 144 | F143: 48 x 240 | H143: 14 | I143: 17 | J143: 13 | K143: 10 | M143: 60 | N143: 144 | O143: 48 | P143: 240 | Q143: 60 | R143: 144 | S143: 48 | T143: 240
B144: 142 | C144: 60 x 144 | D144: 48 x 240 | E144: 60 x 144 | F144: 48 x 240 | H144: 14 | I144: 17 | J144: 13 | K144: 10 | M144: 60 | N144: 144 | O144: 48 | P144: 240 | Q144: 60 | R144: 144 | S144: 48 | T144: 240
B145: 143 | C145: 60 x 144 | D145: 48 x 240 | E145: 60 x 144 | F145: 48 x 240 | H145: 14 | I145: 17 | J145: 13 | K145: 10 | M145: 60 | N145: 144 | O145: 48 | P145: 240 | Q145: 60 | R145: 144 | S145: 48 | T145: 240
B146: 144 | C146: 60 x 144 | D146: 48 x 240 | E146: 60 x 144 | F146: 48 x 240 | H146: 14 | I146: 17 | J146: 13 | K146: 10 | M146: 60 | N146: 144 | O146: 48 | P146: 240 | Q146: 60 | R146: 144 | S146: 48 | T146: 240
... B206: 204 | C206: 72 x 240 | D206: 72 x 240 | E206: 72 x 240 | F206: 72 x 240 | H206: 14 | I206: 17 | J206: 15 | K206: 13 | M206: 72 | N206: 240 | O206: 72 | P206: 240 | Q206: 72 | R206: 240 | S206: 72 | T206: 240

Sheet Lists
A1: ASME | B1: OD | C1: X | D1: VERTICAL | E1: yes | F1: SCH40 | G1: RFSO | H1: 4 | I1: 0.5 | J1: DAVIT | K1: API | L1: 20 | M1: {=IF(MAIN!G4="sa36",n/a,48)} -> 48 | O1: cone | P1: 3/16" X 2" X 2" | Q1: 2 | R1: 1
A2: ASME(NO STAMP) | B2: ID | C2: " | D2: HORIZONTAL | E2: no | F2: SCH80 | G2: RFWN | H2: 6 | I2: 1 | J2: HINGE | K2: RFSO | L2: 24 | M2: {=IF(MAIN!G4="sa36",n/a,60)} -> 60 | N2: 0.1875 | O2: flat | P2: 3/16" X 3" X 3" | Q2: 3
A3: API | H3: 8 | I3: 1.5 | K3: RFWN | L3: 30 | M3: 72 | N3: 0.25 | O3: open | P3: 1/4" X 2" X 2" | Q3: 4
A4: PER CUSTOMER DESIGN | H4: 10 | I4: 2 | M4: 96 | N4: 0.3125 | P4: 1/4" X 3" X 3" | X4: SS | Y4: CST | AD4: SHEETS NEEDED | AP4: THICKNESS | AQ4: 48 | AR4: 60 | AS4: 72 | AT4: 96 | AU4: 120
H5: 12 | I5: 3 | M5: 120 | N5: 0.375 | P5: 3/8" X 2" X 2" | W5: THICKNESS | X5: LBS/SQ. FT. | Y5: LBS/SQ. FT. | AD5: SHELL 1 | AE5: =VLOOKUP(MAIN!$M5,IF(MAIN!$G$4="SA36",SHELLS!$Q$2:$W$602,SHELLS!$C$2:$M$602),2,FALSE) -> #N/A | AF5: =VLOOKUP(MAIN!$M5,IF(MAIN!$G$4="SA36",SHELLS!$Q$2:$W$602,SHELLS!$C$2:$M$602),3,FALSE) -> #N/A | AG5: =VLOOKUP(MAIN!$M5,IF(MAIN!$G$4="SA36",SHELLS!$Q$2:$W$602,SHELLS!$C$2:$M$602),4,FALSE) -> #N/A | AH5: =VLOOKUP(MAIN!$M5,IF(MAIN!$G$4="SA36",SHELLS!$Q$2:$W$602,SHELLS!$C$2:$M$602),5,FALSE) -> #N/A | AI5: =VLOOKUP(MAIN!$M5,IF(MAIN!$G$4="SA36",SHELLS!$Q$2:$W$602,SHELLS!$C$2:$M$602),6,FALSE) -> #N/A | AJ5: =VLOOKUP(MAIN!$M5,IF(MAIN!$G$4="SA36",SHELLS!$Q$2:$W$602,SHELLS!$C$2:$M$602),7,FALSE) -> #N/A | AK5: =VLOOKUP(MAIN!$M5,IF(MAIN!$G$4="SA36",SHELLS!$Q$2:$W$602,SHELLS!$C$2:$M$602),8,FALSE) -> #N/A | AL5: =VLOOKUP(MAIN!$M5,IF(MAIN!$G$4="SA36",SHELLS!$Q$2:$W$602,SHELLS!$C$2:$M$602),9,FALSE) -> #N/A | AM5: =VLOOKUP(MAIN!$M5,IF(MAIN!$G$4="SA36",SHELLS!$Q$2:$W$602,SHELLS!$C$2:$M$602),10,FALSE) -> #N/A | AN5: =VLOOKUP(MAIN!$M5,IF(MAIN!$G$4="SA36",SHELLS!$Q$2:$W$602,SHELLS!$C$2:$M$602),11,FALSE) -> #N/A | AP5: =MAIN!O5 -> 0 | AQ5: =COUNTIF($AE5:$AN5,48) -> 0 | AR5: =COUNTIF($AE5:$AN5,60) -> 0 | AS5: =COUNTIF($AE5:$AN5,72) -> 0 | AT5: =COUNTIF($AE5:$AN5,96) -> 0 | AU5: =COUNTIF($AE5:$AN5,120) -> 0
I6: 4 | N6: 0.5 | P6: 3/8" X 3" X 3" | W6: 0.1875 | X6: 8.58 | Y6: 7.66 | AD6: SHELL 2 | AE6: =VLOOKUP(MAIN!$M6,IF(MAIN!$G$4="SA36",SHELLS!$Q$2:$W$602,SHELLS!$C$2:$M$602),2,FALSE) -> #N/A | AF6: =VLOOKUP(MAIN!$M6,IF(MAIN!$G$4="SA36",SHELLS!$Q$2:$W$602,SHELLS!$C$2:$M$602),3,FALSE) -> #N/A | AG6: =VLOOKUP(MAIN!$M6,IF(MAIN!$G$4="SA36",SHELLS!$Q$2:$W$602,SHELLS!$C$2:$M$602),4,FALSE) -> #N/A | AH6: =VLOOKUP(MAIN!$M6,IF(MAIN!$G$4="SA36",SHELLS!$Q$2:$W$602,SHELLS!$C$2:$M$602),5,FALSE) -> #N/A | AI6: =VLOOKUP(MAIN!$M6,IF(MAIN!$G$4="SA36",SHELLS!$Q$2:$W$602,SHELLS!$C$2:$M$602),6,FALSE) -> #N/A | AJ6: =VLOOKUP(MAIN!$M6,IF(MAIN!$G$4="SA36",SHELLS!$Q$2:$W$602,SHELLS!$C$2:$M$602),7,FALSE) -> #N/A | AK6: =VLOOKUP(MAIN!$M6,IF(MAIN!$G$4="SA36",SHELLS!$Q$2:$W$602,SHELLS!$C$2:$M$602),8,FALSE) -> #N/A | AL6: =VLOOKUP(MAIN!$M6,IF(MAIN!$G$4="SA36",SHELLS!$Q$2:$W$602,SHELLS!$C$2:$M$602),9,FALSE) -> #N/A | AM6: =VLOOKUP(MAIN!$M6,IF(MAIN!$G$4="SA36",SHELLS!$Q$2:$W$602,SHELLS!$C$2:$M$602),10,FALSE) -> #N/A | AN6: =VLOOKUP(MAIN!$M6,IF(MAIN!$G$4="SA36",SHELLS!$Q$2:$W$602,SHELLS!$C$2:$M$602),11,FALSE) -> #N/A | AP6: =MAIN!O6 -> 0 | AQ6: =COUNTIF($AE6:$AN6,48) -> 0 | AR6: =COUNTIF($AE6:$AN6,60) -> 0 | AS6: =COUNTIF($AE6:$AN6,72) -> 0 | AT6: =COUNTIF($AE6:$AN6,96) -> 0 | AU6: =COUNTIF($AE6:$AN6,120) -> 0
I7: 5 | N7: 0.625 | W7: 0.25 | X7: 11.16 | Y7: 10.21 | AD7: SHELL 3 | AE7: =VLOOKUP(MAIN!$M7,IF(MAIN!$G$4="SA36",SHELLS!$Q$2:$W$602,SHELLS!$C$2:$M$602),2,FALSE) -> #N/A | AF7: =VLOOKUP(MAIN!$M7,IF(MAIN!$G$4="SA36",SHELLS!$Q$2:$W$602,SHELLS!$C$2:$M$602),3,FALSE) -> #N/A | AG7: =VLOOKUP(MAIN!$M7,IF(MAIN!$G$4="SA36",SHELLS!$Q$2:$W$602,SHELLS!$C$2:$M$602),4,FALSE) -> #N/A | AH7: =VLOOKUP(MAIN!$M7,IF(MAIN!$G$4="SA36",SHELLS!$Q$2:$W$602,SHELLS!$C$2:$M$602),5,FALSE) -> #N/A | AI7: =VLOOKUP(MAIN!$M7,IF(MAIN!$G$4="SA36",SHELLS!$Q$2:$W$602,SHELLS!$C$2:$M$602),6,FALSE) -> #N/A | AJ7: =VLOOKUP(MAIN!$M7,IF(MAIN!$G$4="SA36",SHELLS!$Q$2:$W$602,SHELLS!$C$2:$M$602),7,FALSE) -> #N/A | AK7: =VLOOKUP(MAIN!$M7,IF(MAIN!$G$4="SA36",SHELLS!$Q$2:$W$602,SHELLS!$C$2:$M$602),8,FALSE) -> #N/A | AL7: =VLOOKUP(MAIN!$M7,IF(MAIN!$G$4="SA36",SHELLS!$Q$2:$W$602,SHELLS!$C$2:$M$602),9,FALSE) -> #N/A | AM7: =VLOOKUP(MAIN!$M7,IF(MAIN!$G$4="SA36",SHELLS!$Q$2:$W$602,SHELLS!$C$2:$M$602),10,FALSE) -> #N/A | AN7: =VLOOKUP(MAIN!$M7,IF(MAIN!$G$4="SA36",SHELLS!$Q$2:$W$602,SHELLS!$C$2:$M$602),11,FALSE) -> #N/A | AP7: =MAIN!O7 -> 0 | AQ7: =COUNTIF($AE7:$AN7,48) -> 0 | AR7: =COUNTIF($AE7:$AN7,60) -> 0 | AS7: =COUNTIF($AE7:$AN7,72) -> 0 | AT7: =COUNTIF($AE7:$AN7,96) -> 0 | AU7: =COUNTIF($AE7:$AN7,120) -> 0
I8: 6 | N8: 0.75 | W8: 0.3125 | X8: 13.75 | Y8: 12.76 | AD8: SHELL 4 | AE8: =VLOOKUP(MAIN!$M8,IF(MAIN!$G$4="SA36",SHELLS!$Q$2:$W$602,SHELLS!$C$2:$M$602),2,FALSE) -> #N/A | AF8: =VLOOKUP(MAIN!$M8,IF(MAIN!$G$4="SA36",SHELLS!$Q$2:$W$602,SHELLS!$C$2:$M$602),3,FALSE) -> #N/A | AG8: =VLOOKUP(MAIN!$M8,IF(MAIN!$G$4="SA36",SHELLS!$Q$2:$W$602,SHELLS!$C$2:$M$602),4,FALSE) -> #N/A | AH8: =VLOOKUP(MAIN!$M8,IF(MAIN!$G$4="SA36",SHELLS!$Q$2:$W$602,SHELLS!$C$2:$M$602),5,FALSE) -> #N/A | AI8: =VLOOKUP(MAIN!$M8,IF(MAIN!$G$4="SA36",SHELLS!$Q$2:$W$602,SHELLS!$C$2:$M$602),6,FALSE) -> #N/A | AJ8: =VLOOKUP(MAIN!$M8,IF(MAIN!$G$4="SA36",SHELLS!$Q$2:$W$602,SHELLS!$C$2:$M$602),7,FALSE) -> #N/A | AK8: =VLOOKUP(MAIN!$M8,IF(MAIN!$G$4="SA36",SHELLS!$Q$2:$W$602,SHELLS!$C$2:$M$602),8,FALSE) -> #N/A | AL8: =VLOOKUP(MAIN!$M8,IF(MAIN!$G$4="SA36",SHELLS!$Q$2:$W$602,SHELLS!$C$2:$M$602),9,FALSE) -> #N/A | AM8: =VLOOKUP(MAIN!$M8,IF(MAIN!$G$4="SA36",SHELLS!$Q$2:$W$602,SHELLS!$C$2:$M$602),10,FALSE) -> #N/A | AN8: =VLOOKUP(MAIN!$M8,IF(MAIN!$G$4="SA36",SHELLS!$Q$2:$W$602,SHELLS!$C$2:$M$602),11,FALSE) -> #N/A | AP8: =MAIN!O8 -> 0 | AQ8: =COUNTIF($AE8:$AN8,48) -> 0 | AR8: =COUNTIF($AE8:$AN8,60) -> 0 | AS8: =COUNTIF($AE8:$AN8,72) -> 0 | AT8: =COUNTIF($AE8:$AN8,96) -> 0 | AU8: =COUNTIF($AE8:$AN8,120) -> 0
A9: 304 | I9: 8 | N9: 1 | W9: 0.375 | X9: 16.5 | Y9: 15.32 | AD9: SHELL 5 | AE9: =VLOOKUP(MAIN!$M9,IF(MAIN!$G$4="SA36",SHELLS!$Q$2:$W$602,SHELLS!$C$2:$M$602),2,FALSE) -> #N/A | AF9: =VLOOKUP(MAIN!$M9,IF(MAIN!$G$4="SA36",SHELLS!$Q$2:$W$602,SHELLS!$C$2:$M$602),3,FALSE) -> #N/A | AG9: =VLOOKUP(MAIN!$M9,IF(MAIN!$G$4="SA36",SHELLS!$Q$2:$W$602,SHELLS!$C$2:$M$602),4,FALSE) -> #N/A | AH9: =VLOOKUP(MAIN!$M9,IF(MAIN!$G$4="SA36",SHELLS!$Q$2:$W$602,SHELLS!$C$2:$M$602),5,FALSE) -> #N/A | AI9: =VLOOKUP(MAIN!$M9,IF(MAIN!$G$4="SA36",SHELLS!$Q$2:$W$602,SHELLS!$C$2:$M$602),6,FALSE) -> #N/A | AJ9: =VLOOKUP(MAIN!$M9,IF(MAIN!$G$4="SA36",SHELLS!$Q$2:$W$602,SHELLS!$C$2:$M$602),7,FALSE) -> #N/A | AK9: =VLOOKUP(MAIN!$M9,IF(MAIN!$G$4="SA36",SHELLS!$Q$2:$W$602,SHELLS!$C$2:$M$602),8,FALSE) -> #N/A | AL9: =VLOOKUP(MAIN!$M9,IF(MAIN!$G$4="SA36",SHELLS!$Q$2:$W$602,SHELLS!$C$2:$M$602),9,FALSE) -> #N/A | AM9: =VLOOKUP(MAIN!$M9,IF(MAIN!$G$4="SA36",SHELLS!$Q$2:$W$602,SHELLS!$C$2:$M$602),10,FALSE) -> #N/A | AN9: =VLOOKUP(MAIN!$M9,IF(MAIN!$G$4="SA36",SHELLS!$Q$2:$W$602,SHELLS!$C$2:$M$602),11,FALSE) -> #N/A | AP9: =MAIN!O9 -> 0 | AQ9: =COUNTIF($AE9:$AN9,48) -> 0 | AR9: =COUNTIF($AE9:$AN9,60) -> 0 | AS9: =COUNTIF($AE9:$AN9,72) -> 0 | AT9: =COUNTIF($AE9:$AN9,96) -> 0 | AU9: =COUNTIF($AE9:$AN9,120) -> 0
A10: 316 | I10: 10 | W10: 0.5 | X10: 21.66 | Y10: 20.42 | AD10: SHELL 6 | AE10: =VLOOKUP(MAIN!$M10,IF(MAIN!$G$4="SA36",SHELLS!$Q$2:$W$602,SHELLS!$C$2:$M$602),2,FALSE) -> #N/A | AF10: =VLOOKUP(MAIN!$M10,IF(MAIN!$G$4="SA36",SHELLS!$Q$2:$W$602,SHELLS!$C$2:$M$602),3,FALSE) -> #N/A | AG10: =VLOOKUP(MAIN!$M10,IF(MAIN!$G$4="SA36",SHELLS!$Q$2:$W$602,SHELLS!$C$2:$M$602),4,FALSE) -> #N/A | AH10: =VLOOKUP(MAIN!$M10,IF(MAIN!$G$4="SA36",SHELLS!$Q$2:$W$602,SHELLS!$C$2:$M$602),5,FALSE) -> #N/A | AI10: =VLOOKUP(MAIN!$M10,IF(MAIN!$G$4="SA36",SHELLS!$Q$2:$W$602,SHELLS!$C$2:$M$602),6,FALSE) -> #N/A | AJ10: =VLOOKUP(MAIN!$M10,IF(MAIN!$G$4="SA36",SHELLS!$Q$2:$W$602,SHELLS!$C$2:$M$602),7,FALSE) -> #N/A | AK10: =VLOOKUP(MAIN!$M10,IF(MAIN!$G$4="SA36",SHELLS!$Q$2:$W$602,SHELLS!$C$2:$M$602),8,FALSE) -> #N/A | AL10: =VLOOKUP(MAIN!$M10,IF(MAIN!$G$4="SA36",SHELLS!$Q$2:$W$602,SHELLS!$C$2:$M$602),9,FALSE) -> #N/A | AM10: =VLOOKUP(MAIN!$M10,IF(MAIN!$G$4="SA36",SHELLS!$Q$2:$W$602,SHELLS!$C$2:$M$602),10,FALSE) -> #N/A | AN10: =VLOOKUP(MAIN!$M10,IF(MAIN!$G$4="SA36",SHELLS!$Q$2:$W$602,SHELLS!$C$2:$M$602),11,FALSE) -> #N/A | AP10: =MAIN!O10 -> 0 | AQ10: =COUNTIF($AE10:$AN10,48) -> 0 | AR10: =COUNTIF($AE10:$AN10,60) -> 0 | AS10: =COUNTIF($AE10:$AN10,72) -> 0 | AT10: =COUNTIF($AE10:$AN10,96) -> 0 | AU10: =COUNTIF($AE10:$AN10,120) -> 0
A11: sa36 | I11: 12 | W11: 0.625 | X11: 26.83 | Y11: 25.53 | AD11: SHELL 7 | AE11: =VLOOKUP(MAIN!$M11,IF(MAIN!$G$4="SA36",SHELLS!$Q$2:$W$602,SHELLS!$C$2:$M$602),2,FALSE) -> #N/A | AF11: =VLOOKUP(MAIN!$M11,IF(MAIN!$G$4="SA36",SHELLS!$Q$2:$W$602,SHELLS!$C$2:$M$602),3,FALSE) -> #N/A | AG11: =VLOOKUP(MAIN!$M11,IF(MAIN!$G$4="SA36",SHELLS!$Q$2:$W$602,SHELLS!$C$2:$M$602),4,FALSE) -> #N/A | AH11: =VLOOKUP(MAIN!$M11,IF(MAIN!$G$4="SA36",SHELLS!$Q$2:$W$602,SHELLS!$C$2:$M$602),5,FALSE) -> #N/A | AI11: =VLOOKUP(MAIN!$M11,IF(MAIN!$G$4="SA36",SHELLS!$Q$2:$W$602,SHELLS!$C$2:$M$602),6,FALSE) -> #N/A | AJ11: =VLOOKUP(MAIN!$M11,IF(MAIN!$G$4="SA36",SHELLS!$Q$2:$W$602,SHELLS!$C$2:$M$602),7,FALSE) -> #N/A | AK11: =VLOOKUP(MAIN!$M11,IF(MAIN!$G$4="SA36",SHELLS!$Q$2:$W$602,SHELLS!$C$2:$M$602),8,FALSE) -> #N/A | AL11: =VLOOKUP(MAIN!$M11,IF(MAIN!$G$4="SA36",SHELLS!$Q$2:$W$602,SHELLS!$C$2:$M$602),9,FALSE) -> #N/A | AM11: =VLOOKUP(MAIN!$M11,IF(MAIN!$G$4="SA36",SHELLS!$Q$2:$W$602,SHELLS!$C$2:$M$602),10,FALSE) -> #N/A | AN11: =VLOOKUP(MAIN!$M11,IF(MAIN!$G$4="SA36",SHELLS!$Q$2:$W$602,SHELLS!$C$2:$M$602),11,FALSE) -> #N/A | AP11: =MAIN!O11 -> 0 | AQ11: =COUNTIF($AE11:$AN11,48) -> 0 | AR11: =COUNTIF($AE11:$AN11,60) -> 0 | AS11: =COUNTIF($AE11:$AN11,72) -> 0 | AT11: =COUNTIF($AE11:$AN11,96) -> 0 | AU11: =COUNTIF($AE11:$AN11,120) -> 0
I12: 14 | W12: 0.75 | X12: 32.12 | Y12: 30.63 | AD12: SHELL 8 | AE12: =VLOOKUP(MAIN!$M12,IF(MAIN!$G$4="SA36",SHELLS!$Q$2:$W$602,SHELLS!$C$2:$M$602),2,FALSE) -> #N/A | AF12: =VLOOKUP(MAIN!$M12,IF(MAIN!$G$4="SA36",SHELLS!$Q$2:$W$602,SHELLS!$C$2:$M$602),3,FALSE) -> #N/A | AG12: =VLOOKUP(MAIN!$M12,IF(MAIN!$G$4="SA36",SHELLS!$Q$2:$W$602,SHELLS!$C$2:$M$602),4,FALSE) -> #N/A | AH12: =VLOOKUP(MAIN!$M12,IF(MAIN!$G$4="SA36",SHELLS!$Q$2:$W$602,SHELLS!$C$2:$M$602),5,FALSE) -> #N/A | AI12: =VLOOKUP(MAIN!$M12,IF(MAIN!$G$4="SA36",SHELLS!$Q$2:$W$602,SHELLS!$C$2:$M$602),6,FALSE) -> #N/A | AJ12: =VLOOKUP(MAIN!$M12,IF(MAIN!$G$4="SA36",SHELLS!$Q$2:$W$602,SHELLS!$C$2:$M$602),7,FALSE) -> #N/A | AK12: =VLOOKUP(MAIN!$M12,IF(MAIN!$G$4="SA36",SHELLS!$Q$2:$W$602,SHELLS!$C$2:$M$602),8,FALSE) -> #N/A | AL12: =VLOOKUP(MAIN!$M12,IF(MAIN!$G$4="SA36",SHELLS!$Q$2:$W$602,SHELLS!$C$2:$M$602),9,FALSE) -> #N/A | AM12: =VLOOKUP(MAIN!$M12,IF(MAIN!$G$4="SA36",SHELLS!$Q$2:$W$602,SHELLS!$C$2:$M$602),10,FALSE) -> #N/A | AN12: =VLOOKUP(MAIN!$M12,IF(MAIN!$G$4="SA36",SHELLS!$Q$2:$W$602,SHELLS!$C$2:$M$602),11,FALSE) -> #N/A | AP12: =MAIN!O12 -> 0 | AQ12: =COUNTIF($AE12:$AN12,48) -> 0 | AR12: =COUNTIF($AE12:$AN12,60) -> 0 | AS12: =COUNTIF($AE12:$AN12,72) -> 0 | AT12: =COUNTIF($AE12:$AN12,96) -> 0 | AU12: =COUNTIF($AE12:$AN12,120) -> 0
I13: 16 | W13: 0.875 | X13: 37.29 | Y13: 35.74
I14: 18 | W14: 1 | X14: 42.67 | Y14: 40.84
A15: GALVANIZED | I15: 20
A16: PAINT | I16: 24
I17: 30
W20: top weight | X20: =VLOOKUP(MAIN!$O$3,Lists!$W$4:$Y$14,IF(MAIN!$G$4="sa36",3,2),FALSE) -> #N/A
W21: shell 1 weight
W22: shell 2 weight
W23: shell 3 weight
W24: shell 4 weight
W25: shell 5 weight
W26: shell 6 weight
W27: shell 7 weight
W28: shell 8 weight
E29: BAFFLE PLATE WIDTH | H29: BAFFLE LENGTH | W29: bottom weight | X29: =VLOOKUP(MAIN!$L$4,Lists!$W$4:$Y$14,IF(MAIN!$G$4="sa36",3,2),FALSE) -> #N/A
E30: =MAIN!F10*MAIN!G9+PRODUCT!C69/4 -> 0 | F30: {=_xlfn.IFS(E30<48,48,AND(E30>47,E30<61),60)} -> 48 | H30: {=IF(OR(MAIN!G4=304,MAIN!G4=316),MAIN!I9,_xlfn.IFS(MAIN!I9<121,120,MAIN!I9<145,144,MAIN!I9<241,240,MAIN!I9<361,360,MAIN!I9<481,480))} -> 120

Sheet SHELLS
A1: STAINLESS STEEL | O1: CARBON STEEL | AC1: Plate length | AI1: insulation rings | AU1: ROLLING HOURS | BC1: SEAM WELDING | BK1: BAFFLES
A2: FT | B2: IN | C2: HEIGHT | D2: SHEET 1 | E2: SHEET 2 | F2: SHEET 3 | G2: SHEET 4 | H2: SHEET 5 | I2: SHEET 6 | J2: SHEET 7 | K2: SHEET 8 | L2: SHEET 9 | M2: SHEET 10 | N2: COURSES | O2: FT | P2: IN | Q2: HEIGHT | R2: SHEET 1 | S2: SHEET 2 | T2: SHEET 3 | U2: SHEET 4 | V2: SHEET 5 | W2: SHEET 6 | X2: COURSES | AD2: SS | AF2: CST | AJ2: 2" width | AK2: 2" length | AL2: 3" width | AM2: 3" length | AN2: 4" width | AO2: 4" Length | AP2: hours | AV2: 0.1875 | AW2: 0.25 | AX2: 0.3125 | AY2: 0.375 | AZ2: 0.5 | BD2: 0.1875 | BE2: 0.25 | BF2: 0.3125 | BG2: 0.375 | BH2: 0.5 | BL2: BAFFLE | BM2: SPT
B3: 1 | C3: 1 | D3: 48 | N3: =COUNT(D3:M3) -> 1 | P3: 1 | Q3: 1 | R3: 48 | X3: =COUNT(R3:W3) -> 1 | AC3: 1 | AD3: 96 | AF3: 96 | AI3: 1 | AJ3: 48 | AK3: 96 | AL3: 48 | AM3: 96 | AN3: 48 | AO3: 96 | AP3: 4 | AU3: 1 | AV3: 4 | AW3: 4 | AX3: 4 | AY3: 5 | AZ3: 6 | BC3: 1 | BD3: 6 | BE3: 6 | BF3: 6 | BG3: 9 | BH3: 11 | BK3: 1 | BL3: 5 | BM3: 1
B4: 2 | C4: 2 | D4: 48 | N4: =COUNT(D4:M4) -> 1 | P4: 2 | Q4: 2 | R4: 48 | X4: =COUNT(R4:W4) -> 1 | AC4: 2 | AD4: 96 | AF4: 96 | AI4: 2 | AJ4: 48 | AK4: 96 | AL4: 48 | AM4: 96 | AN4: 48 | AO4: 96 | AP4: 4 | AU4: 2 | AV4: 4 | AW4: 4 | AX4: 4 | AY4: 5 | AZ4: 6 | BC4: 2 | BD4: 6 | BE4: 6 | BF4: 6 | BG4: 9 | BH4: 11 | BK4: 2 | BL4: 5 | BM4: 1
B5: 3 | C5: 3 | D5: 48 | N5: =COUNT(D5:M5) -> 1 | P5: 3 | Q5: 3 | R5: 48 | X5: =COUNT(R5:W5) -> 1 | AC5: 3 | AD5: 96 | AF5: 96 | AI5: 3 | AJ5: 48 | AK5: 96 | AL5: 48 | AM5: 96 | AN5: 48 | AO5: 96 | AP5: 4 | AU5: 3 | AV5: 4 | AW5: 4 | AX5: 4 | AY5: 5 | AZ5: 6 | BC5: 3 | BD5: 6 | BE5: 6 | BF5: 6 | BG5: 9 | BH5: 11 | BK5: 3 | BL5: 5 | BM5: 1
B6: 4 | C6: 4 | D6: 48 | N6: =COUNT(D6:M6) -> 1 | P6: 4 | Q6: 4 | R6: 48 | X6: =COUNT(R6:W6) -> 1 | AC6: 4 | AD6: 96 | AF6: 96 | AI6: 4 | AJ6: 48 | AK6: 96 | AL6: 48 | AM6: 96 | AN6: 48 | AO6: 96 | AP6: 4 | AU6: 4 | AV6: 4 | AW6: 4 | AX6: 4 | AY6: 5 | AZ6: 6 | BC6: 4 | BD6: 6 | BE6: 6 | BF6: 6 | BG6: 9 | BH6: 11 | BK6: 4 | BL6: 5 | BM6: 1
B7: 5 | C7: 5 | D7: 48 | N7: =COUNT(D7:M7) -> 1 | P7: 5 | Q7: 5 | R7: 48 | X7: =COUNT(R7:W7) -> 1 | AC7: 5 | AD7: 96 | AF7: 96 | AI7: 5 | AJ7: 48 | AK7: 96 | AL7: 48 | AM7: 96 | AN7: 48 | AO7: 96 | AP7: 4 | AU7: 5 | AV7: 4 | AW7: 4 | AX7: 4 | AY7: 5 | AZ7: 6 | BC7: 5 | BD7: 6 | BE7: 6 | BF7: 6 | BG7: 9 | BH7: 11 | BK7: 5 | BL7: 5 | BM7: 1
B8: 6 | C8: 6 | D8: 48 | N8: =COUNT(D8:M8) -> 1 | P8: 6 | Q8: 6 | R8: 48 | X8: =COUNT(R8:W8) -> 1 | AC8: 6 | AD8: 96 | AF8: 96 | AI8: 6 | AJ8: 48 | AK8: 96 | AL8: 48 | AM8: 96 | AN8: 48 | AO8: 96 | AP8: 4 | AU8: 6 | AV8: 4 | AW8: 4 | AX8: 4 | AY8: 5 | AZ8: 6 | BC8: 6 | BD8: 6 | BE8: 6 | BF8: 6 | BG8: 9 | BH8: 11 | BK8: 6 | BL8: 5 | BM8: 1
B9: 7 | C9: 7 | D9: 48 | N9: =COUNT(D9:M9) -> 1 | P9: 7 | Q9: 7 | R9: 48 | X9: =COUNT(R9:W9) -> 1 | AC9: 7 | AD9: 96 | AF9: 96 | AI9: 7 | AJ9: 48 | AK9: 96 | AL9: 48 | AM9: 96 | AN9: 48 | AO9: 96 | AP9: 4 | AU9: 7 | AV9: 4 | AW9: 4 | AX9: 4 | AY9: 5 | AZ9: 6 | BC9: 7 | BD9: 6 | BE9: 6 | BF9: 6 | BG9: 9 | BH9: 11 | BK9: 7 | BL9: 5 | BM9: 1
B10: 8 | C10: 8 | D10: 48 | N10: =COUNT(D10:M10) -> 1 | P10: 8 | Q10: 8 | R10: 48 | X10: =COUNT(R10:W10) -> 1 | AC10: 8 | AD10: 96 | AF10: 96 | AI10: 8 | AJ10: 48 | AK10: 96 | AL10: 48 | AM10: 96 | AN10: 48 | AO10: 96 | AP10: 4 | AU10: 8 | AV10: 4 | AW10: 4 | AX10: 4 | AY10: 5 | AZ10: 6 | BC10: 8 | BD10: 6 | BE10: 6 | BF10: 6 | BG10: 9 | BH10: 11 | BK10: 8 | BL10: 5 | BM10: 1
B11: 9 | C11: 9 | D11: 48 | N11: =COUNT(D11:M11) -> 1 | P11: 9 | Q11: 9 | R11: 48 | X11: =COUNT(R11:W11) -> 1 | AC11: 9 | AD11: 96 | AF11: 96 | AI11: 9 | AJ11: 48 | AK11: 96 | AL11: 48 | AM11: 96 | AN11: 48 | AO11: 96 | AP11: 4 | AU11: 9 | AV11: 4 | AW11: 4 | AX11: 4 | AY11: 5 | AZ11: 6 | BC11: 9 | BD11: 6 | BE11: 6 | BF11: 6 | BG11: 9 | BH11: 11 | BK11: 9 | BL11: 5 | BM11: 1
B12: 10 | C12: 10 | D12: 48 | N12: =COUNT(D12:M12) -> 1 | P12: 10 | Q12: 10 | R12: 48 | X12: =COUNT(R12:W12) -> 1 | AC12: 10 | AD12: 96 | AF12: 96 | AI12: 10 | AJ12: 48 | AK12: 96 | AL12: 48 | AM12: 96 | AN12: 48 | AO12: 96 | AP12: 4 | AU12: 10 | AV12: 4 | AW12: 4 | AX12: 4 | AY12: 5 | AZ12: 6 | BC12: 10 | BD12: 6 | BE12: 6 | BF12: 6 | BG12: 9 | BH12: 11 | BK12: 10 | BL12: 5 | BM12: 1
B13: 11 | C13: 11 | D13: 48 | N13: =COUNT(D13:M13) -> 1 | P13: 11 | Q13: 11 | R13: 48 | X13: =COUNT(R13:W13) -> 1 | AC13: 11 | AD13: 96 | AF13: 96 | AI13: 11 | AJ13: 48 | AK13: 96 | AL13: 48 | AM13: 96 | AN13: 48 | AO13: 96 | AP13: 4 | AU13: 11 | AV13: 4 | AW13: 4 | AX13: 4 | AY13: 5 | AZ13: 6 | BC13: 11 | BD13: 6 | BE13: 6 | BF13: 6 | BG13: 9 | BH13: 11 | BK13: 11 | BL13: 5 | BM13: 1
A14: 1 | C14: 12 | D14: 48 | N14: =COUNT(D14:M14) -> 1 | O14: 1 | Q14: 12 | R14: 48 | X14: =COUNT(R14:W14) -> 1 | AC14: 12 | AD14: 96 | AF14: 96 | AI14: 12 | AJ14: 48 | AK14: 96 | AL14: 48 | AM14: 96 | AN14: 48 | AO14: 96 | AP14: 4 | AU14: 12 | AV14: 4 | AW14: 4 | AX14: 4 | AY14: 5 | AZ14: 6 | BC14: 12 | BD14: 6 | BE14: 6 | BF14: 6 | BG14: 9 | BH14: 11 | BK14: 12 | BL14: 5 | BM14: 1
B15: 1 | C15: 13 | D15: 48 | N15: =COUNT(D15:M15) -> 1 | P15: 1 | Q15: 13 | R15: 48 | X15: =COUNT(R15:W15) -> 1 | AC15: 13 | AD15: 96 | AF15: 96 | AI15: 13 | AJ15: 48 | AK15: 96 | AL15: 48 | AM15: 96 | AN15: 48 | AO15: 96 | AP15: 4 | AU15: 13 | AV15: 4 | AW15: 4 | AX15: 4 | AY15: 5 | AZ15: 6 | BC15: 13 | BD15: 6 | BE15: 6 | BF15: 6 | BG15: 9 | BH15: 11 | BK15: 13 | BL15: 5 | BM15: 1
B16: 2 | C16: 14 | D16: 48 | N16: =COUNT(D16:M16) -> 1 | P16: 2 | Q16: 14 | R16: 48 | X16: =COUNT(R16:W16) -> 1 | AC16: 14 | AD16: 96 | AF16: 96 | AI16: 14 | AJ16: 48 | AK16: 96 | AL16: 48 | AM16: 96 | AN16: 48 | AO16: 96 | AP16: 4 | AU16: 14 | AV16: 4 | AW16: 4 | AX16: 4 | AY16: 5 | AZ16: 6 | BC16: 14 | BD16: 6 | BE16: 6 | BF16: 6 | BG16: 9 | BH16: 11 | BK16: 14 | BL16: 5 | BM16: 1
B17: 3 | C17: 15 | D17: 48 | N17: =COUNT(D17:M17) -> 1 | P17: 3 | Q17: 15 | R17: 48 | X17: =COUNT(R17:W17) -> 1 | AC17: 15 | AD17: 96 | AF17: 96 | AI17: 15 | AJ17: 48 | AK17: 96 | AL17: 48 | AM17: 96 | AN17: 48 | AO17: 96 | AP17: 4 | AU17: 15 | AV17: 4 | AW17: 4 | AX17: 4 | AY17: 5 | AZ17: 6 | BC17: 15 | BD17: 6 | BE17: 6 | BF17: 6 | BG17: 9 | BH17: 11 | BK17: 15 | BL17: 5 | BM17: 1
B18: 4 | C18: 16 | D18: 48 | N18: =COUNT(D18:M18) -> 1 | P18: 4 | Q18: 16 | R18: 48 | X18: =COUNT(R18:W18) -> 1 | AC18: 16 | AD18: 96 | AF18: 96 | AI18: 16 | AJ18: 48 | AK18: 96 | AL18: 48 | AM18: 96 | AN18: 48 | AO18: 96 | AP18: 4 | AU18: 16 | AV18: 4 | AW18: 4 | AX18: 4 | AY18: 5 | AZ18: 6 | BC18: 16 | BD18: 6 | BE18: 6 | BF18: 6 | BG18: 9 | BH18: 11 | BK18: 16 | BL18: 5 | BM18: 1
B19: 5 | C19: 17 | D19: 48 | N19: =COUNT(D19:M19) -> 1 | P19: 5 | Q19: 17 | R19: 48 | X19: =COUNT(R19:W19) -> 1 | AC19: 17 | AD19: 96 | AF19: 96 | AI19: 17 | AJ19: 48 | AK19: 96 | AL19: 48 | AM19: 96 | AN19: 48 | AO19: 96 | AP19: 4 | AU19: 17 | AV19: 4 | AW19: 4 | AX19: 4 | AY19: 5 | AZ19: 6 | BC19: 17 | BD19: 6 | BE19: 6 | BF19: 6 | BG19: 9 | BH19: 11 | BK19: 17 | BL19: 5 | BM19: 1
B20: 6 | C20: 18 | D20: 48 | N20: =COUNT(D20:M20) -> 1 | P20: 6 | Q20: 18 | R20: 48 | X20: =COUNT(R20:W20) -> 1 | AC20: 18 | AD20: 96 | AF20: 96 | AI20: 18 | AJ20: 48 | AK20: 96 | AL20: 48 | AM20: 96 | AN20: 48 | AO20: 96 | AP20: 4 | AU20: 18 | AV20: 4 | AW20: 4 | AX20: 4 | AY20: 5 | AZ20: 6 | BC20: 18 | BD20: 6 | BE20: 6 | BF20: 6 | BG20: 9 | BH20: 11 | BK20: 18 | BL20: 5 | BM20: 1
B21: 7 | C21: 19 | D21: 48 | N21: =COUNT(D21:M21) -> 1 | P21: 7 | Q21: 19 | R21: 48 | X21: =COUNT(R21:W21) -> 1 | AC21: 19 | AD21: 96 | AF21: 96 | AI21: 19 | AJ21: 48 | AK21: 96 | AL21: 48 | AM21: 96 | AN21: 48 | AO21: 96 | AP21: 4 | AU21: 19 | AV21: 4 | AW21: 4 | AX21: 4 | AY21: 5 | AZ21: 6 | BC21: 19 | BD21: 6 | BE21: 6 | BF21: 6 | BG21: 9 | BH21: 11 | BK21: 19 | BL21: 5 | BM21: 1
B22: 8 | C22: 20 | D22: 48 | N22: =COUNT(D22:M22) -> 1 | P22: 8 | Q22: 20 | R22: 48 | X22: =COUNT(R22:W22) -> 1 | AC22: 20 | AD22: 96 | AF22: 96 | AI22: 20 | AJ22: 48 | AK22: 96 | AL22: 48 | AM22: 96 | AN22: 48 | AO22: 96 | AP22: 4 | AU22: 20 | AV22: 4 | AW22: 4 | AX22: 4 | AY22: 5 | AZ22: 6 | BC22: 20 | BD22: 6 | BE22: 6 | BF22: 6 | BG22: 9 | BH22: 11 | BK22: 20 | BL22: 5 | BM22: 1
B23: 9 | C23: 21 | D23: 48 | N23: =COUNT(D23:M23) -> 1 | P23: 9 | Q23: 21 | R23: 48 | X23: =COUNT(R23:W23) -> 1 | AC23: 21 | AD23: 96 | AF23: 96 | AI23: 21 | AJ23: 48 | AK23: 96 | AL23: 48 | AM23: 96 | AN23: 48 | AO23: 96 | AP23: 4 | AU23: 21 | AV23: 4 | AW23: 4 | AX23: 4 | AY23: 5 | AZ23: 6 | BC23: 21 | BD23: 6 | BE23: 6 | BF23: 6 | BG23: 9 | BH23: 11 | BK23: 21 | BL23: 5 | BM23: 1
B24: 10 | C24: 22 | D24: 48 | N24: =COUNT(D24:M24) -> 1 | P24: 10 | Q24: 22 | R24: 48 | X24: =COUNT(R24:W24) -> 1 | AC24: 22 | AD24: 96 | AF24: 96 | AI24: 22 | AJ24: 48 | AK24: 96 | AL24: 48 | AM24: 96 | AN24: 48 | AO24: 96 | AP24: 4 | AU24: 22 | AV24: 4 | AW24: 4 | AX24: 4 | AY24: 5 | AZ24: 6 | BC24: 22 | BD24: 6 | BE24: 6 | BF24: 6 | BG24: 9 | BH24: 11 | BK24: 22 | BL24: 5 | BM24: 1
B25: 11 | C25: 23 | D25: 48 | N25: =COUNT(D25:M25) -> 1 | P25: 11 | Q25: 23 | R25: 48 | X25: =COUNT(R25:W25) -> 1 | AC25: 23 | AD25: 96 | AF25: 96 | AI25: 23 | AJ25: 48 | AK25: 96 | AL25: 48 | AM25: 96 | AN25: 48 | AO25: 96 | AP25: 4 | AU25: 23 | AV25: 4 | AW25: 4 | AX25: 4 | AY25: 5 | AZ25: 6 | BC25: 23 | BD25: 6 | BE25: 6 | BF25: 6 | BG25: 9 | BH25: 11 | BK25: 23 | BL25: 5 | BM25: 1
A26: 2 | C26: 24 | D26: 48 | N26: =COUNT(D26:M26) -> 1 | O26: 2 | Q26: 24 | R26: 48 | X26: =COUNT(R26:W26) -> 1 | AC26: 24 | AD26: 96 | AF26: 96 | AI26: 24 | AJ26: 48 | AK26: 96 | AL26: 48 | AM26: 96 | AN26: 48 | AO26: 96 | AP26: 4 | AU26: 24 | AV26: 4 | AW26: 4 | AX26: 4 | AY26: 5 | AZ26: 6 | BC26: 24 | BD26: 6 | BE26: 6 | BF26: 6 | BG26: 9 | BH26: 11 | BK26: 24 | BL26: 5 | BM26: 1
B27: 1 | C27: 25 | D27: 48 | N27: =COUNT(D27:M27) -> 1 | P27: 1 | Q27: 25 | R27: 48 | X27: =COUNT(R27:W27) -> 1 | AC27: 25 | AD27: 96 | AF27: 96 | AI27: 25 | AJ27: 48 | AK27: 96 | AL27: 48 | AM27: 96 | AN27: 48 | AO27: 96 | AP27: 5 | AU27: 25 | AV27: 4 | AW27: 4 | AX27: 4 | AY27: 5 | AZ27: 6 | BC27: 25 | BD27: 6 | BE27: 6 | BF27: 6 | BG27: 9 | BH27: 11 | BK27: 25 | BL27: 5 | BM27: 1
B28: 2 | C28: 26 | D28: 48 | N28: =COUNT(D28:M28) -> 1 | P28: 2 | Q28: 26 | R28: 48 | X28: =COUNT(R28:W28) -> 1 | AC28: 26 | AD28: 96 | AF28: 96 | AI28: 26 | AJ28: 48 | AK28: 96 | AL28: 48 | AM28: 96 | AN28: 48 | AO28: 96 | AP28: 5 | AU28: 26 | AV28: 4 | AW28: 4 | AX28: 4 | AY28: 5 | AZ28: 6 | BC28: 26 | BD28: 6 | BE28: 6 | BF28: 6 | BG28: 9 | BH28: 11 | BK28: 26 | BL28: 5 | BM28: 1
B29: 3 | C29: 27 | D29: 48 | N29: =COUNT(D29:M29) -> 1 | P29: 3 | Q29: 27 | R29: 48 | X29: =COUNT(R29:W29) -> 1 | AC29: 27 | AD29: 96 | AF29: 96 | AI29: 27 | AJ29: 48 | AK29: 96 | AL29: 48 | AM29: 96 | AN29: 48 | AO29: 96 | AP29: 5 | AU29: 27 | AV29: 4 | AW29: 4 | AX29: 4 | AY29: 5 | AZ29: 6 | BC29: 27 | BD29: 6 | BE29: 6 | BF29: 6 | BG29: 9 | BH29: 11 | BK29: 27 | BL29: 5 | BM29: 1
B30: 4 | C30: 28 | D30: 48 | N30: =COUNT(D30:M30) -> 1 | P30: 4 | Q30: 28 | R30: 48 | X30: =COUNT(R30:W30) -> 1 | AC30: 28 | AD30: 96 | AF30: 96 | AI30: 28 | AJ30: 48 | AK30: 96 | AL30: 48 | AM30: 96 | AN30: 48 | AO30: 96 | AP30: 5 | AU30: 28 | AV30: 4 | AW30: 4 | AX30: 4 | AY30: 5 | AZ30: 6 | BC30: 28 | BD30: 6 | BE30: 6 | BF30: 6 | BG30: 9 | BH30: 11 | BK30: 28 | BL30: 5 | BM30: 1
B31: 5 | C31: 29 | D31: 48 | N31: =COUNT(D31:M31) -> 1 | P31: 5 | Q31: 29 | R31: 48 | X31: =COUNT(R31:W31) -> 1 | AC31: 29 | AD31: 96 | AF31: 96 | AI31: 29 | AJ31: 48 | AK31: 96 | AL31: 48 | AM31: 96 | AN31: 48 | AO31: 96 | AP31: 5 | AU31: 29 | AV31: 4 | AW31: 4 | AX31: 4 | AY31: 5 | AZ31: 6 | BC31: 29 | BD31: 6 | BE31: 6 | BF31: 6 | BG31: 9 | BH31: 11 | BK31: 29 | BL31: 5 | BM31: 1
B32: 6 | C32: 30 | D32: 48 | N32: =COUNT(D32:M32) -> 1 | P32: 6 | Q32: 30 | R32: 48 | X32: =COUNT(R32:W32) -> 1 | AC32: 30 | AD32: 96 | AF32: 96 | AI32: 30 | AJ32: 48 | AK32: 96 | AL32: 48 | AM32: 96 | AN32: 48 | AO32: 96 | AP32: 5 | AU32: 30 | AV32: 4 | AW32: 4 | AX32: 4 | AY32: 5 | AZ32: 6 | BC32: 30 | BD32: 6 | BE32: 6 | BF32: 6 | BG32: 9 | BH32: 11 | BK32: 30 | BL32: 5 | BM32: 1
B33: 7 | C33: 31 | D33: 48 | N33: =COUNT(D33:M33) -> 1 | P33: 7 | Q33: 31 | R33: 48 | X33: =COUNT(R33:W33) -> 1 | AC33: 31 | AD33: 120 | AF33: 120 | AI33: 31 | AJ33: 48 | AK33: 96 | AL33: 48 | AM33: 96 | AN33: 48 | AO33: 96 | AP33: 5 | AU33: 31 | AV33: 4 | AW33: 4 | AX33: 4 | AY33: 5 | AZ33: 6 | BC33: 31 | BD33: 6 | BE33: 6 | BF33: 6 | BG33: 9 | BH33: 11 | BK33: 31 | BL33: 5 | BM33: 1
B34: 8 | C34: 32 | D34: 48 | N34: =COUNT(D34:M34) -> 1 | P34: 8 | Q34: 32 | R34: 48 | X34: =COUNT(R34:W34) -> 1 | AC34: 32 | AD34: 120 | AF34: 120 | AI34: 32 | AJ34: 48 | AK34: 96 | AL34: 48 | AM34: 96 | AN34: 48 | AO34: 96 | AP34: 5 | AU34: 32 | AV34: 4 | AW34: 4 | AX34: 4 | AY34: 5 | AZ34: 6 | BC34: 32 | BD34: 6 | BE34: 6 | BF34: 6 | BG34: 9 | BH34: 11 | BK34: 32 | BL34: 5 | BM34: 1
B35: 9 | C35: 33 | D35: 48 | N35: =COUNT(D35:M35) -> 1 | P35: 9 | Q35: 33 | R35: 48 | X35: =COUNT(R35:W35) -> 1 | AC35: 33 | AD35: 120 | AF35: 120 | AI35: 33 | AJ35: 48 | AK35: 96 | AL35: 48 | AM35: 96 | AN35: 48 | AO35: 96 | AP35: 5 | AU35: 33 | AV35: 4 | AW35: 4 | AX35: 4 | AY35: 5 | AZ35: 6 | BC35: 33 | BD35: 6 | BE35: 6 | BF35: 6 | BG35: 9 | BH35: 11 | BK35: 33 | BL35: 5 | BM35: 1
B36: 10 | C36: 34 | D36: 48 | N36: =COUNT(D36:M36) -> 1 | P36: 10 | Q36: 34 | R36: 48 | X36: =COUNT(R36:W36) -> 1 | AC36: 34 | AD36: 120 | AF36: 120 | AI36: 34 | AJ36: 48 | AK36: 96 | AL36: 48 | AM36: 96 | AN36: 48 | AO36: 96 | AP36: 5 | AU36: 34 | AV36: 4 | AW36: 4 | AX36: 4 | AY36: 5 | AZ36: 6 | BC36: 34 | BD36: 6 | BE36: 6 | BF36: 6 | BG36: 9 | BH36: 11 | BK36: 34 | BL36: 5 | BM36: 1
B37: 11 | C37: 35 | D37: 48 | N37: =COUNT(D37:M37) -> 1 | P37: 11 | Q37: 35 | R37: 48 | X37: =COUNT(R37:W37) -> 1 | AC37: 35 | AD37: 120 | AF37: 120 | AI37: 35 | AJ37: 48 | AK37: 96 | AL37: 48 | AM37: 96 | AN37: 48 | AO37: 96 | AP37: 5 | AU37: 35 | AV37: 4 | AW37: 4 | AX37: 4 | AY37: 5 | AZ37: 6 | BC37: 35 | BD37: 6 | BE37: 6 | BF37: 6 | BG37: 9 | BH37: 11 | BK37: 35 | BL37: 5 | BM37: 1
A38: 3 | C38: 36 | D38: 48 | N38: =COUNT(D38:M38) -> 1 | O38: 3 | Q38: 36 | R38: 48 | X38: =COUNT(R38:W38) -> 1 | AC38: 36 | AD38: 120 | AF38: 120 | AI38: 36 | AJ38: 48 | AK38: 96 | AL38: 48 | AM38: 96 | AN38: 48 | AO38: 96 | AP38: 5 | AU38: 36 | AV38: 4 | AW38: 4 | AX38: 4 | AY38: 5 | AZ38: 6 | BC38: 36 | BD38: 6 | BE38: 6 | BF38: 6 | BG38: 9 | BH38: 11 | BK38: 36 | BL38: 5 | BM38: 1
B39: 1 | C39: 37 | D39: 48 | N39: =COUNT(D39:M39) -> 1 | P39: 1 | Q39: 37 | R39: 48 | X39: =COUNT(R39:W39) -> 1 | AC39: 37 | AD39: 144 | AF39: 144 | AI39: 37 | AJ39: 48 | AK39: 96 | AL39: 48 | AM39: 96 | AN39: 48 | AO39: 96 | AP39: 5 | AU39: 37 | AV39: 4 | AW39: 4 | AX39: 4 | AY39: 5 | AZ39: 6 | BC39: 37 | BD39: 6 | BE39: 6 | BF39: 6 | BG39: 9 | BH39: 11 | BK39: 37 | BL39: 5 | BM39: 1
B40: 2 | C40: 38 | D40: 48 | N40: =COUNT(D40:M40) -> 1 | P40: 2 | Q40: 38 | R40: 48 | X40: =COUNT(R40:W40) -> 1 | AC40: 38 | AD40: 144 | AF40: 144 | AI40: 38 | AJ40: 48 | AK40: 96 | AL40: 48 | AM40: 96 | AN40: 48 | AO40: 96 | AP40: 5 | AU40: 38 | AV40: 4 | AW40: 4 | AX40: 4 | AY40: 5 | AZ40: 6 | BC40: 38 | BD40: 6 | BE40: 6 | BF40: 6 | BG40: 9 | BH40: 11 | BK40: 38 | BL40: 5 | BM40: 1
B41: 3 | C41: 39 | D41: 48 | N41: =COUNT(D41:M41) -> 1 | P41: 3 | Q41: 39 | R41: 48 | X41: =COUNT(R41:W41) -> 1 | AC41: 39 | AD41: 144 | AF41: 144 | AI41: 39 | AJ41: 48 | AK41: 96 | AL41: 48 | AM41: 96 | AN41: 48 | AO41: 96 | AP41: 5 | AU41: 39 | AV41: 4 | AW41: 4 | AX41: 4 | AY41: 5 | AZ41: 6 | BC41: 39 | BD41: 6 | BE41: 6 | BF41: 6 | BG41: 9 | BH41: 11 | BK41: 39 | BL41: 5 | BM41: 1
B42: 4 | C42: 40 | D42: 48 | N42: =COUNT(D42:M42) -> 1 | P42: 4 | Q42: 40 | R42: 48 | X42: =COUNT(R42:W42) -> 1 | AC42: 40 | AD42: 144 | AF42: 144 | AI42: 40 | AJ42: 48 | AK42: 96 | AL42: 48 | AM42: 96 | AN42: 48 | AO42: 96 | AP42: 5 | AU42: 40 | AV42: 4 | AW42: 4 | AX42: 4 | AY42: 5 | AZ42: 6 | BC42: 40 | BD42: 6 | BE42: 6 | BF42: 6 | BG42: 9 | BH42: 11 | BK42: 40 | BL42: 5 | BM42: 1
B43: 5 | C43: 41 | D43: 48 | N43: =COUNT(D43:M43) -> 1 | P43: 5 | Q43: 41 | R43: 48 | X43: =COUNT(R43:W43) -> 1 | AC43: 41 | AD43: 144 | AF43: 144 | AI43: 41 | AJ43: 48 | AK43: 96 | AL43: 48 | AM43: 96 | AN43: 48 | AO43: 96 | AP43: 5 | AU43: 41 | AV43: 4 | AW43: 4 | AX43: 4 | AY43: 5 | AZ43: 6 | BC43: 41 | BD43: 6 | BE43: 6 | BF43: 6 | BG43: 9 | BH43: 11 | BK43: 41 | BL43: 5 | BM43: 1
B44: 6 | C44: 42 | D44: 48 | N44: =COUNT(D44:M44) -> 1 | P44: 6 | Q44: 42 | R44: 48 | X44: =COUNT(R44:W44) -> 1 | AC44: 42 | AD44: 144 | AF44: 144 | AI44: 42 | AJ44: 48 | AK44: 96 | AL44: 48 | AM44: 96 | AN44: 48 | AO44: 96 | AP44: 5 | AU44: 42 | AV44: 4 | AW44: 4 | AX44: 4 | AY44: 5 | AZ44: 6 | BC44: 42 | BD44: 6 | BE44: 6 | BF44: 6 | BG44: 9 | BH44: 11 | BK44: 42 | BL44: 5 | BM44: 1
B45: 7 | C45: 43 | D45: 48 | N45: =COUNT(D45:M45) -> 1 | P45: 7 | Q45: 43 | R45: 48 | X45: =COUNT(R45:W45) -> 1 | AC45: 43 | AD45: 144 | AF45: 144 | AI45: 43 | AJ45: 48 | AK45: 96 | AL45: 48 | AM45: 96 | AN45: 48 | AO45: 96 | AP45: 5 | AU45: 43 | AV45: 4 | AW45: 4 | AX45: 4 | AY45: 5 | AZ45: 6 | BC45: 43 | BD45: 6 | BE45: 6 | BF45: 6 | BG45: 9 | BH45: 11 | BK45: 43 | BL45: 5 | BM45: 1
B46: 8 | C46: 44 | D46: 48 | N46: =COUNT(D46:M46) -> 1 | P46: 8 | Q46: 44 | R46: 48 | X46: =COUNT(R46:W46) -> 1 | AC46: 44 | AD46: 144 | AF46: 144 | AI46: 44 | AJ46: 48 | AK46: 96 | AL46: 48 | AM46: 96 | AN46: 48 | AO46: 96 | AP46: 5 | AU46: 44 | AV46: 4 | AW46: 4 | AX46: 4 | AY46: 5 | AZ46: 6 | BC46: 44 | BD46: 6 | BE46: 6 | BF46: 6 | BG46: 9 | BH46: 11 | BK46: 44 | BL46: 5 | BM46: 1
B47: 9 | C47: 45 | D47: 48 | N47: =COUNT(D47:M47) -> 1 | P47: 9 | Q47: 45 | R47: 48 | X47: =COUNT(R47:W47) -> 1 | AC47: 45 | AD47: 144 | AF47: 144 | AI47: 45 | AJ47: 48 | AK47: 96 | AL47: 48 | AM47: 96 | AN47: 48 | AO47: 96 | AP47: 5 | AU47: 45 | AV47: 4 | AW47: 4 | AX47: 4 | AY47: 5 | AZ47: 6 | BC47: 45 | BD47: 6 | BE47: 6 | BF47: 6 | BG47: 9 | BH47: 11 | BK47: 45 | BL47: 5 | BM47: 1
B48: 10 | C48: 46 | D48: 48 | N48: =COUNT(D48:M48) -> 1 | P48: 10 | Q48: 46 | R48: 48 | X48: =COUNT(R48:W48) -> 1 | AC48: 46 | AD48: 240 | AF48: 240 | AI48: 46 | AJ48: 48 | AK48: 96 | AL48: 48 | AM48: 96 | AN48: 48 | AO48: 96 | AP48: 5 | AU48: 46 | AV48: 4 | AW48: 4 | AX48: 4 | AY48: 5 | AZ48: 6 | BC48: 46 | BD48: 9 | BE48: 9 | BF48: 9 | BG48: 9 | BH48: 11 | BK48: 46 | BL48: 5 | BM48: 1
B49: 11 | C49: 47 | D49: 48 | N49: =COUNT(D49:M49) -> 1 | P49: 11 | Q49: 47 | R49: 48 | X49: =COUNT(R49:W49) -> 1 | AC49: 47 | AD49: 240 | AF49: 240 | AI49: 47 | AJ49: 48 | AK49: 96 | AL49: 48 | AM49: 96 | AN49: 48 | AO49: 96 | AP49: 5 | AU49: 47 | AV49: 4 | AW49: 4 | AX49: 4 | AY49: 5 | AZ49: 6 | BC49: 47 | BD49: 9 | BE49: 9 | BF49: 9 | BG49: 9 | BH49: 11 | BK49: 47 | BL49: 5 | BM49: 1
A50: 4 | C50: 48 | D50: 48 | N50: =COUNT(D50:M50) -> 1 | O50: 4 | Q50: 48 | R50: 48 | X50: =COUNT(R50:W50) -> 1 | AC50: 48 | AD50: 240 | AF50: 240 | AI50: 48 | AJ50: 48 | AK50: 96 | AL50: 48 | AM50: 96 | AN50: 48 | AO50: 96 | AP50: 5 | AU50: 48 | AV50: 4 | AW50: 4 | AX50: 4 | AY50: 5 | AZ50: 6 | BC50: 48 | BD50: 9 | BE50: 9 | BF50: 9 | BG50: 9 | BH50: 11 | BK50: 48 | BL50: 5 | BM50: 1
B51: 1 | C51: 49 | D51: 60 | N51: =COUNT(D51:M51) -> 1 | P51: 1 | Q51: 49 | R51: 60 | X51: =COUNT(R51:W51) -> 1 | AC51: 49 | AD51: 240 | AF51: 240 | AI51: 49 | AJ51: 48 | AK51: 96 | AL51: 48 | AM51: 96 | AN51: 48 | AO51: 96 | AP51: 6 | AU51: 49 | AV51: 4 | AW51: 4 | AX51: 4 | AY51: 5 | AZ51: 6 | BC51: 49 | BD51: 9 | BE51: 9 | BF51: 9 | BG51: 9 | BH51: 11 | BK51: 49 | BL51: 5 | BM51: 1
B52: 2 | C52: 50 | D52: 60 | N52: =COUNT(D52:M52) -> 1 | P52: 2 | Q52: 50 | R52: 60 | X52: =COUNT(R52:W52) -> 1 | AC52: 50 | AD52: 240 | AF52: 240 | AI52: 50 | AJ52: 48 | AK52: 96 | AL52: 48 | AM52: 96 | AN52: 48 | AO52: 96 | AP52: 6 | AU52: 50 | AV52: 4 | AW52: 4 | AX52: 4 | AY52: 5 | AZ52: 6 | BC52: 50 | BD52: 9 | BE52: 9 | BF52: 9 | BG52: 9 | BH52: 11 | BK52: 50 | BL52: 5 | BM52: 1
B53: 3 | C53: 51 | D53: 60 | N53: =COUNT(D53:M53) -> 1 | P53: 3 | Q53: 51 | R53: 60 | X53: =COUNT(R53:W53) -> 1 | AC53: 51 | AD53: 240 | AF53: 240 | AI53: 51 | AJ53: 48 | AK53: 96 | AL53: 48 | AM53: 96 | AN53: 48 | AO53: 96 | AP53: 6 | AU53: 51 | AV53: 4 | AW53: 4 | AX53: 4 | AY53: 5 | AZ53: 6 | BC53: 51 | BD53: 9 | BE53: 9 | BF53: 9 | BG53: 9 | BH53: 11 | BK53: 51 | BL53: 5 | BM53: 1
B54: 4 | C54: 52 | D54: 60 | N54: =COUNT(D54:M54) -> 1 | P54: 4 | Q54: 52 | R54: 60 | X54: =COUNT(R54:W54) -> 1 | AC54: 52 | AD54: 240 | AF54: 240 | AI54: 52 | AJ54: 48 | AK54: 96 | AL54: 48 | AM54: 96 | AN54: 48 | AO54: 96 | AP54: 6 | AU54: 52 | AV54: 4 | AW54: 4 | AX54: 4 | AY54: 5 | AZ54: 6 | BC54: 52 | BD54: 9 | BE54: 9 | BF54: 9 | BG54: 9 | BH54: 11 | BK54: 52 | BL54: 5 | BM54: 1
B55: 5 | C55: 53 | D55: 60 | N55: =COUNT(D55:M55) -> 1 | P55: 5 | Q55: 53 | R55: 60 | X55: =COUNT(R55:W55) -> 1 | AC55: 53 | AD55: 240 | AF55: 240 | AI55: 53 | AJ55: 48 | AK55: 96 | AL55: 48 | AM55: 96 | AN55: 48 | AO55: 96 | AP55: 6 | AU55: 53 | AV55: 4 | AW55: 4 | AX55: 4 | AY55: 5 | AZ55: 6 | BC55: 53 | BD55: 9 | BE55: 9 | BF55: 9 | BG55: 9 | BH55: 11 | BK55: 53 | BL55: 5 | BM55: 1
B56: 6 | C56: 54 | D56: 60 | N56: =COUNT(D56:M56) -> 1 | P56: 6 | Q56: 54 | R56: 60 | X56: =COUNT(R56:W56) -> 1 | AC56: 54 | AD56: 240 | AF56: 240 | AI56: 54 | AJ56: 48 | AK56: 96 | AL56: 48 | AM56: 96 | AN56: 48 | AO56: 96 | AP56: 6 | AU56: 54 | AV56: 4 | AW56: 4 | AX56: 4 | AY56: 5 | AZ56: 6 | BC56: 54 | BD56: 9 | BE56: 9 | BF56: 9 | BG56: 9 | BH56: 11 | BK56: 54 | BL56: 5 | BM56: 1
B57: 7 | C57: 55 | D57: 60 | N57: =COUNT(D57:M57) -> 1 | P57: 7 | Q57: 55 | R57: 60 | X57: =COUNT(R57:W57) -> 1 | AC57: 55 | AD57: 240 | AF57: 240 | AI57: 55 | AJ57: 48 | AK57: 96 | AL57: 48 | AM57: 96 | AN57: 48 | AO57: 96 | AP57: 6 | AU57: 55 | AV57: 4 | AW57: 4 | AX57: 4 | AY57: 5 | AZ57: 6 | BC57: 55 | BD57: 9 | BE57: 9 | BF57: 9 | BG57: 9 | BH57: 11 | BK57: 55 | BL57: 5 | BM57: 1
B58: 8 | C58: 56 | D58: 60 | N58: =COUNT(D58:M58) -> 1 | P58: 8 | Q58: 56 | R58: 60 | X58: =COUNT(R58:W58) -> 1 | AC58: 56 | AD58: 240 | AF58: 240 | AI58: 56 | AJ58: 48 | AK58: 96 | AL58: 48 | AM58: 96 | AN58: 48 | AO58: 96 | AP58: 6 | AU58: 56 | AV58: 4 | AW58: 4 | AX58: 4 | AY58: 5 | AZ58: 6 | BC58: 56 | BD58: 9 | BE58: 9 | BF58: 9 | BG58: 9 | BH58: 11 | BK58: 56 | BL58: 5 | BM58: 1
B59: 9 | C59: 57 | D59: 60 | N59: =COUNT(D59:M59) -> 1 | P59: 9 | Q59: 57 | R59: 60 | X59: =COUNT(R59:W59) -> 1 | AC59: 57 | AD59: 240 | AF59: 240 | AI59: 57 | AJ59: 48 | AK59: 96 | AL59: 48 | AM59: 96 | AN59: 48 | AO59: 96 | AP59: 6 | AU59: 57 | AV59: 4 | AW59: 4 | AX59: 4 | AY59: 5 | AZ59: 6 | BC59: 57 | BD59: 9 | BE59: 9 | BF59: 9 | BG59: 9 | BH59: 11 | BK59: 57 | BL59: 5 | BM59: 1
B60: 10 | C60: 58 | D60: 60 | N60: =COUNT(D60:M60) -> 1 | P60: 10 | Q60: 58 | R60: 60 | X60: =COUNT(R60:W60) -> 1 | AC60: 58 | AD60: 240 | AF60: 240 | AI60: 58 | AJ60: 48 | AK60: 96 | AL60: 48 | AM60: 96 | AN60: 48 | AO60: 96 | AP60: 6 | AU60: 58 | AV60: 4 | AW60: 4 | AX60: 4 | AY60: 5 | AZ60: 6 | BC60: 58 | BD60: 9 | BE60: 9 | BF60: 9 | BG60: 9 | BH60: 11 | BK60: 58 | BL60: 5 | BM60: 1
B61: 11 | C61: 59 | D61: 60 | N61: =COUNT(D61:M61) -> 1 | P61: 11 | Q61: 59 | R61: 60 | X61: =COUNT(R61:W61) -> 1 | AC61: 59 | AD61: 240 | AF61: 240 | AI61: 59 | AJ61: 48 | AK61: 96 | AL61: 48 | AM61: 96 | AN61: 48 | AO61: 96 | AP61: 6 | AU61: 59 | AV61: 4 | AW61: 4 | AX61: 4 | AY61: 5 | AZ61: 6 | BC61: 59 | BD61: 9 | BE61: 9 | BF61: 9 | BG61: 9 | BH61: 11 | BK61: 59 | BL61: 5 | BM61: 1
A62: 5 | C62: 60 | D62: 60 | N62: =COUNT(D62:M62) -> 1 | O62: 5 | Q62: 60 | R62: 60 | X62: =COUNT(R62:W62) -> 1 | AC62: 60 | AD62: 240 | AF62: 240 | AI62: 60 | AJ62: 48 | AK62: 96 | AL62: 48 | AM62: 96 | AN62: 48 | AO62: 96 | AP62: 7 | AU62: 60 | AV62: 4 | AW62: 4 | AX62: 4 | AY62: 5 | AZ62: 6 | BC62: 60 | BD62: 9 | BE62: 9 | BF62: 9 | BG62: 9 | BH62: 11 | BK62: 60 | BL62: 5 | BM62: 1
B63: 1 | C63: 61 | D63: 72 | N63: =COUNT(D63:M63) -> 1 | P63: 1 | Q63: 61 | R63: 72 | X63: =COUNT(R63:W63) -> 1 | AC63: 61 | AD63: 240 | AF63: 240 | AI63: 61 | AJ63: 48 | AK63: 96 | AL63: 48 | AM63: 96 | AN63: 48 | AO63: 96 | AP63: 7 | AU63: 61 | AV63: 4 | AW63: 4 | AX63: 4 | AY63: 5 | AZ63: 6 | BC63: 61 | BD63: 9 | BE63: 9 | BF63: 9 | BG63: 9 | BH63: 11 | BK63: 61 | BL63: 5 | BM63: 1
B64: 2 | C64: 62 | D64: 72 | N64: =COUNT(D64:M64) -> 1 | P64: 2 | Q64: 62 | R64: 72 | X64: =COUNT(R64:W64) -> 1 | AC64: 62 | AD64: 240 | AF64: 240 | AI64: 62 | AJ64: 48 | AK64: 96 | AL64: 48 | AM64: 96 | AN64: 48 | AO64: 96 | AP64: 7 | AU64: 62 | AV64: 4 | AW64: 4 | AX64: 4 | AY64: 5 | AZ64: 6 | BC64: 62 | BD64: 9 | BE64: 9 | BF64: 9 | BG64: 9 | BH64: 11 | BK64: 62 | BL64: 5 | BM64: 1
B65: 3 | C65: 63 | D65: 72 | N65: =COUNT(D65:M65) -> 1 | P65: 3 | Q65: 63 | R65: 72 | X65: =COUNT(R65:W65) -> 1 | AC65: 63 | AD65: 240 | AF65: 240 | AI65: 63 | AJ65: 48 | AK65: 96 | AL65: 48 | AM65: 96 | AN65: 48 | AO65: 96 | AP65: 7 | AU65: 63 | AV65: 4 | AW65: 4 | AX65: 4 | AY65: 5 | AZ65: 6 | BC65: 63 | BD65: 9 | BE65: 9 | BF65: 9 | BG65: 9 | BH65: 11 | BK65: 63 | BL65: 5 | BM65: 1
B66: 4 | C66: 64 | D66: 72 | N66: =COUNT(D66:M66) -> 1 | P66: 4 | Q66: 64 | R66: 72 | X66: =COUNT(R66:W66) -> 1 | AC66: 64 | AD66: 240 | AF66: 240 | AI66: 64 | AJ66: 48 | AK66: 96 | AL66: 48 | AM66: 96 | AN66: 48 | AO66: 96 | AP66: 7 | AU66: 64 | AV66: 4 | AW66: 4 | AX66: 4 | AY66: 5 | AZ66: 6 | BC66: 64 | BD66: 9 | BE66: 9 | BF66: 9 | BG66: 9 | BH66: 11 | BK66: 64 | BL66: 5 | BM66: 1
B67: 5 | C67: 65 | D67: 72 | N67: =COUNT(D67:M67) -> 1 | P67: 5 | Q67: 65 | R67: 72 | X67: =COUNT(R67:W67) -> 1 | AC67: 65 | AD67: 240 | AF67: 240 | AI67: 65 | AJ67: 48 | AK67: 96 | AL67: 48 | AM67: 96 | AN67: 48 | AO67: 96 | AP67: 7 | AU67: 65 | AV67: 4 | AW67: 4 | AX67: 4 | AY67: 5 | AZ67: 6 | BC67: 65 | BD67: 9 | BE67: 9 | BF67: 9 | BG67: 9 | BH67: 11 | BK67: 65 | BL67: 5 | BM67: 1
B68: 6 | C68: 66 | D68: 72 | N68: =COUNT(D68:M68) -> 1 | P68: 6 | Q68: 66 | R68: 72 | X68: =COUNT(R68:W68) -> 1 | AC68: 66 | AD68: 240 | AF68: 240 | AI68: 66 | AJ68: 48 | AK68: 96 | AL68: 48 | AM68: 96 | AN68: 48 | AO68: 96 | AP68: 7 | AU68: 66 | AV68: 4 | AW68: 4 | AX68: 4 | AY68: 5 | AZ68: 6 | BC68: 66 | BD68: 9 | BE68: 9 | BF68: 9 | BG68: 9 | BH68: 11 | BK68: 66 | BL68: 5 | BM68: 1
B69: 7 | C69: 67 | D69: 72 | N69: =COUNT(D69:M69) -> 1 | P69: 7 | Q69: 67 | R69: 72 | X69: =COUNT(R69:W69) -> 1 | AC69: 67 | AD69: 240 | AF69: 240 | AI69: 67 | AJ69: 48 | AK69: 96 | AL69: 48 | AM69: 96 | AN69: 48 | AO69: 96 | AP69: 7 | AU69: 67 | AV69: 4 | AW69: 4 | AX69: 4 | AY69: 5 | AZ69: 6 | BC69: 67 | BD69: 9 | BE69: 9 | BF69: 9 | BG69: 9 | BH69: 11 | BK69: 67 | BL69: 5 | BM69: 1
B70: 8 | C70: 68 | D70: 72 | N70: =COUNT(D70:M70) -> 1 | P70: 8 | Q70: 68 | R70: 72 | X70: =COUNT(R70:W70) -> 1 | AC70: 68 | AD70: 240 | AF70: 240 | AI70: 68 | AJ70: 48 | AK70: 96 | AL70: 48 | AM70: 96 | AN70: 48 | AO70: 96 | AP70: 7 | AU70: 68 | AV70: 4 | AW70: 4 | AX70: 4 | AY70: 5 | AZ70: 6 | BC70: 68 | BD70: 9 | BE70: 9 | BF70: 9 | BG70: 9 | BH70: 11 | BK70: 68 | BL70: 5 | BM70: 1
B71: 9 | C71: 69 | D71: 72 | N71: =COUNT(D71:M71) -> 1 | P71: 9 | Q71: 69 | R71: 72 | X71: =COUNT(R71:W71) -> 1 | AC71: 69 | AD71: 240 | AF71: 240 | AI71: 69 | AJ71: 48 | AK71: 96 | AL71: 48 | AM71: 96 | AN71: 48 | AO71: 96 | AP71: 7 | AU71: 69 | AV71: 4 | AW71: 4 | AX71: 4 | AY71: 5 | AZ71: 6 | BC71: 69 | BD71: 9 | BE71: 9 | BF71: 9 | BG71: 9 | BH71: 11 | BK71: 69 | BL71: 5 | BM71: 1
B72: 10 | C72: 70 | D72: 72 | N72: =COUNT(D72:M72) -> 1 | P72: 10 | Q72: 70 | R72: 72 | X72: =COUNT(R72:W72) -> 1 | AC72: 70 | AD72: 240 | AF72: 240 | AI72: 70 | AJ72: 48 | AK72: 96 | AL72: 48 | AM72: 96 | AN72: 48 | AO72: 96 | AP72: 7 | AU72: 70 | AV72: 4 | AW72: 4 | AX72: 4 | AY72: 5 | AZ72: 6 | BC72: 70 | BD72: 9 | BE72: 9 | BF72: 9 | BG72: 9 | BH72: 11 | BK72: 70 | BL72: 5 | BM72: 1
B73: 11 | C73: 71 | D73: 72 | N73: =COUNT(D73:M73) -> 1 | P73: 11 | Q73: 71 | R73: 72 | X73: =COUNT(R73:W73) -> 1 | AC73: 71 | AD73: 240 | AF73: 240 | AI73: 71 | AJ73: 48 | AK73: 96 | AL73: 48 | AM73: 96 | AN73: 48 | AO73: 96 | AP73: 7 | AU73: 71 | AV73: 4 | AW73: 4 | AX73: 4 | AY73: 5 | AZ73: 6 | BC73: 71 | BD73: 9 | BE73: 9 | BF73: 9 | BG73: 9 | BH73: 11 | BK73: 71 | BL73: 5 | BM73: 1
A74: 6 | C74: 72 | D74: 72 | N74: =COUNT(D74:M74) -> 1 | O74: 6 | Q74: 72 | R74: 72 | X74: =COUNT(R74:W74) -> 1 | AC74: 72 | AD74: 240 | AF74: 240 | AI74: 72 | AJ74: 48 | AK74: 96 | AL74: 48 | AM74: 96 | AN74: 48 | AO74: 96 | AP74: 7 | AU74: 72 | AV74: 4 | AW74: 4 | AX74: 4 | AY74: 5 | AZ74: 6 | BC74: 72 | BD74: 9 | BE74: 9 | BF74: 9 | BG74: 9 | BH74: 11 | BK74: 72 | BL74: 5 | BM74: 1
B75: 1 | C75: 73 | D75: 48 | E75: 48 | N75: =COUNT(D75:M75) -> 2 | P75: 1 | Q75: 73 | R75: 96 | X75: =COUNT(R75:W75) -> 1 | AC75: 73 | AD75: 240 | AF75: 240 | AI75: 73 | AJ75: 48 | AK75: 96 | AL75: 48 | AM75: 96 | AN75: 48 | AO75: 96 | AP75: 7 | AU75: 73 | AV75: 4 | AW75: 4 | AX75: 4 | AY75: 5 | AZ75: 6 | BC75: 73 | BD75: 9 | BE75: 9 | BF75: 9 | BG75: 9 | BH75: 11 | BK75: 73 | BL75: 5 | BM75: 1
B76: 2 | C76: 74 | D76: 48 | E76: 48 | N76: =COUNT(D76:M76) -> 2 | P76: 2 | Q76: 74 | R76: 96 | X76: =COUNT(R76:W76) -> 1 | AC76: 74 | AD76: 240 | AF76: 240 | AI76: 74 | AJ76: 48 | AK76: 96 | AL76: 48 | AM76: 96 | AN76: 48 | AO76: 96 | AP76: 7 | AU76: 74 | AV76: 4 | AW76: 4 | AX76: 4 | AY76: 5 | AZ76: 6 | BC76: 74 | BD76: 9 | BE76: 9 | BF76: 9 | BG76: 9 | BH76: 11 | BK76: 74 | BL76: 5 | BM76: 1
B77: 3 | C77: 75 | D77: 48 | E77: 48 | N77: =COUNT(D77:M77) -> 2 | P77: 3 | Q77: 75 | R77: 96 | X77: =COUNT(R77:W77) -> 1 | AC77: 75 | AD77: 240 | AF77: 240 | AI77: 75 | AJ77: 48 | AK77: 96 | AL77: 48 | AM77: 96 | AN77: 48 | AO77: 96 | AP77: 7 | AU77: 75 | AV77: 4 | AW77: 4 | AX77: 4 | AY77: 5 | AZ77: 6 | BC77: 75 | BD77: 9 | BE77: 9 | BF77: 9 | BG77: 9 | BH77: 11 | BK77: 75 | BL77: 5 | BM77: 1
B78: 4 | C78: 76 | D78: 48 | E78: 48 | N78: =COUNT(D78:M78) -> 2 | P78: 4 | Q78: 76 | R78: 96 | X78: =COUNT(R78:W78) -> 1 | AC78: 76 | AD78: 269 | AF78: 360 | AI78: 76 | AJ78: 48 | AK78: 96 | AL78: 48 | AM78: 96 | AN78: 48 | AO78: 96 | AP78: 7 | AU78: 76 | AV78: 4 | AW78: 4 | AX78: 4 | AY78: 5 | AZ78: 6 | BC78: 76 | BD78: 9 | BE78: 9 | BF78: 9 | BG78: 9 | BH78: 11 | BK78: 76 | BL78: 5 | BM78: 1
B79: 5 | C79: 77 | D79: 48 | E79: 48 | N79: =COUNT(D79:M79) -> 2 | P79: 5 | Q79: 77 | R79: 96 | X79: =COUNT(R79:W79) -> 1 | AC79: 77 | AD79: 269 | AF79: 360 | AI79: 77 | AJ79: 48 | AK79: 96 | AL79: 48 | AM79: 96 | AN79: 48 | AO79: 96 | AP79: 7 | AU79: 77 | AV79: 4 | AW79: 4 | AX79: 4 | AY79: 5 | AZ79: 6 | BC79: 77 | BD79: 9 | BE79: 9 | BF79: 9 | BG79: 9 | BH79: 11 | BK79: 77 | BL79: 5 | BM79: 1
B80: 6 | C80: 78 | D80: 48 | E80: 48 | N80: =COUNT(D80:M80) -> 2 | P80: 6 | Q80: 78 | R80: 96 | X80: =COUNT(R80:W80) -> 1 | AC80: 78 | AD80: 269 | AF80: 360 | AI80: 78 | AJ80: 48 | AK80: 96 | AL80: 48 | AM80: 96 | AN80: 48 | AO80: 96 | AP80: 7 | AU80: 78 | AV80: 4 | AW80: 4 | AX80: 4 | AY80: 5 | AZ80: 6 | BC80: 78 | BD80: 9 | BE80: 9 | BF80: 9 | BG80: 9 | BH80: 11 | BK80: 78 | BL80: 5 | BM80: 1
B81: 7 | C81: 79 | D81: 48 | E81: 48 | N81: =COUNT(D81:M81) -> 2 | P81: 7 | Q81: 79 | R81: 96 | X81: =COUNT(R81:W81) -> 1 | AC81: 79 | AD81: 269 | AF81: 360 | AI81: 79 | AJ81: 48 | AK81: 96 | AL81: 48 | AM81: 96 | AN81: 48 | AO81: 96 | AP81: 7 | AU81: 79 | AV81: 4 | AW81: 4 | AX81: 4 | AY81: 5 | AZ81: 6 | BC81: 79 | BD81: 9 | BE81: 9 | BF81: 9 | BG81: 9 | BH81: 11 | BK81: 79 | BL81: 5 | BM81: 1
B82: 8 | C82: 80 | D82: 48 | E82: 48 | N82: =COUNT(D82:M82) -> 2 | P82: 8 | Q82: 80 | R82: 96 | X82: =COUNT(R82:W82) -> 1 | AC82: 80 | AD82: 269 | AF82: 360 | AI82: 80 | AJ82: 48 | AK82: 96 | AL82: 48 | AM82: 96 | AN82: 48 | AO82: 96 | AP82: 7 | AU82: 80 | AV82: 4 | AW82: 4 | AX82: 4 | AY82: 5 | AZ82: 6 | BC82: 80 | BD82: 9 | BE82: 9 | BF82: 9 | BG82: 9 | BH82: 11 | BK82: 80 | BL82: 5 | BM82: 1
B83: 9 | C83: 81 | D83: 48 | E83: 48 | N83: =COUNT(D83:M83) -> 2 | P83: 9 | Q83: 81 | R83: 96 | X83: =COUNT(R83:W83) -> 1 | AC83: 81 | AD83: 269 | AF83: 360 | AI83: 81 | AJ83: 48 | AK83: 96 | AL83: 48 | AM83: 96 | AN83: 48 | AO83: 96 | AP83: 7 | AU83: 81 | AV83: 4 | AW83: 4 | AX83: 4 | AY83: 5 | AZ83: 6 | BC83: 81 | BD83: 9 | BE83: 9 | BF83: 9 | BG83: 9 | BH83: 11 | BK83: 81 | BL83: 5 | BM83: 1
B84: 10 | C84: 82 | D84: 48 | E84: 48 | N84: =COUNT(D84:M84) -> 2 | P84: 10 | Q84: 82 | R84: 96 | X84: =COUNT(R84:W84) -> 1 | AC84: 82 | AD84: 269 | AF84: 360 | AI84: 82 | AJ84: 48 | AK84: 96 | AL84: 48 | AM84: 96 | AN84: 48 | AO84: 96 | AP84: 7 | AU84: 82 | AV84: 4 | AW84: 4 | AX84: 4 | AY84: 5 | AZ84: 6 | BC84: 82 | BD84: 9 | BE84: 9 | BF84: 9 | BG84: 9 | BH84: 11 | BK84: 82 | BL84: 5 | BM84: 1
B85: 11 | C85: 83 | D85: 48 | E85: 48 | N85: =COUNT(D85:M85) -> 2 | P85: 11 | Q85: 83 | R85: 96 | X85: =COUNT(R85:W85) -> 1 | AC85: 83 | AD85: 269 | AF85: 360 | AI85: 83 | AJ85: 48 | AK85: 96 | AL85: 48 | AM85: 96 | AN85: 48 | AO85: 96 | AP85: 7 | AU85: 83 | AV85: 4 | AW85: 4 | AX85: 4 | AY85: 5 | AZ85: 6 | BC85: 83 | BD85: 9 | BE85: 9 | BF85: 9 | BG85: 9 | BH85: 11 | BK85: 83 | BL85: 5 | BM85: 1
A86: 7 | C86: 84 | D86: 48 | E86: 48 | N86: =COUNT(D86:M86) -> 2 | O86: 7 | Q86: 84 | R86: 96 | X86: =COUNT(R86:W86) -> 1 | AC86: 84 | AD86: 269 | AF86: 360 | AI86: 84 | AJ86: 48 | AK86: 96 | AL86: 48 | AM86: 96 | AN86: 48 | AO86: 96 | AP86: 7 | AU86: 84 | AV86: 4 | AW86: 4 | AX86: 4 | AY86: 5 | AZ86: 6 | BC86: 84 | BD86: 9 | BE86: 9 | BF86: 9 | BG86: 9 | BH86: 11 | BK86: 84 | BL86: 5 | BM86: 1
B87: 1 | C87: 85 | D87: 48 | E87: 48 | N87: =COUNT(D87:M87) -> 2 | P87: 1 | Q87: 85 | R87: 96 | X87: =COUNT(R87:W87) -> 1 | AC87: 85 | AD87: 287 | AF87: 360 | AI87: 85 | AJ87: 48 | AK87: 96 | AL87: 48 | AM87: 96 | AN87: 48 | AO87: 96 | AP87: 8 | AU87: 85 | AV87: 4 | AW87: 4 | AX87: 4 | AY87: 5 | AZ87: 6 | BC87: 85 | BD87: 9 | BE87: 9 | BF87: 9 | BG87: 9 | BH87: 11 | BK87: 85 | BL87: 5 | BM87: 1
B88: 2 | C88: 86 | D88: 48 | E88: 48 | N88: =COUNT(D88:M88) -> 2 | P88: 2 | Q88: 86 | R88: 96 | X88: =COUNT(R88:W88) -> 1 | AC88: 86 | AD88: 287 | AF88: 360 | AI88: 86 | AJ88: 48 | AK88: 96 | AL88: 48 | AM88: 96 | AN88: 48 | AO88: 96 | AP88: 8 | AU88: 86 | AV88: 4 | AW88: 4 | AX88: 4 | AY88: 5 | AZ88: 6 | BC88: 86 | BD88: 9 | BE88: 9 | BF88: 9 | BG88: 9 | BH88: 11 | BK88: 86 | BL88: 5 | BM88: 1
B89: 3 | C89: 87 | D89: 48 | E89: 48 | N89: =COUNT(D89:M89) -> 2 | P89: 3 | Q89: 87 | R89: 96 | X89: =COUNT(R89:W89) -> 1 | AC89: 87 | AD89: 287 | AF89: 360 | AI89: 87 | AJ89: 48 | AK89: 96 | AL89: 48 | AM89: 96 | AN89: 48 | AO89: 96 | AP89: 8 | AU89: 87 | AV89: 4 | AW89: 4 | AX89: 4 | AY89: 5 | AZ89: 6 | BC89: 87 | BD89: 9 | BE89: 9 | BF89: 9 | BG89: 9 | BH89: 11 | BK89: 87 | BL89: 5 | BM89: 1
B90: 4 | C90: 88 | D90: 48 | E90: 48 | N90: =COUNT(D90:M90) -> 2 | P90: 4 | Q90: 88 | R90: 96 | X90: =COUNT(R90:W90) -> 1 | AC90: 88 | AD90: 287 | AF90: 360 | AI90: 88 | AJ90: 48 | AK90: 96 | AL90: 48 | AM90: 96 | AN90: 48 | AO90: 96 | AP90: 8 | AU90: 88 | AV90: 4 | AW90: 4 | AX90: 4 | AY90: 5 | AZ90: 6 | BC90: 88 | BD90: 9 | BE90: 9 | BF90: 9 | BG90: 9 | BH90: 11 | BK90: 88 | BL90: 5 | BM90: 1
B91: 5 | C91: 89 | D91: 48 | E91: 48 | N91: =COUNT(D91:M91) -> 2 | P91: 5 | Q91: 89 | R91: 96 | X91: =COUNT(R91:W91) -> 1 | AC91: 89 | AD91: 287 | AF91: 360 | AI91: 89 | AJ91: 48 | AK91: 96 | AL91: 48 | AM91: 96 | AN91: 48 | AO91: 96 | AP91: 8 | AU91: 89 | AV91: 4 | AW91: 4 | AX91: 4 | AY91: 5 | AZ91: 6 | BC91: 89 | BD91: 9 | BE91: 9 | BF91: 9 | BG91: 9 | BH91: 11 | BK91: 89 | BL91: 5 | BM91: 1
B92: 6 | C92: 90 | D92: 48 | E92: 48 | N92: =COUNT(D92:M92) -> 2 | P92: 6 | Q92: 90 | R92: 96 | X92: =COUNT(R92:W92) -> 1 | AC92: 90 | AD92: 287 | AF92: 360 | AI92: 90 | AJ92: 48 | AK92: 96 | AL92: 48 | AM92: 96 | AN92: 48 | AO92: 96 | AP92: 8 | AU92: 90 | AV92: 4 | AW92: 4 | AX92: 4 | AY92: 5 | AZ92: 6 | BC92: 90 | BD92: 9 | BE92: 9 | BF92: 9 | BG92: 9 | BH92: 11 | BK92: 90 | BL92: 5 | BM92: 1
B93: 7 | C93: 91 | D93: 48 | E93: 48 | N93: =COUNT(D93:M93) -> 2 | P93: 7 | Q93: 91 | R93: 96 | X93: =COUNT(R93:W93) -> 1 | AC93: 91 | AD93: 306 | AF93: 360 | AI93: 91 | AJ93: 48 | AK93: 96 | AL93: 48 | AM93: 96 | AN93: 48 | AO93: 96 | AP93: 8 | AU93: 91 | AV93: 4 | AW93: 4 | AX93: 4 | AY93: 5 | AZ93: 6 | BC93: 91 | BD93: 9 | BE93: 9 | BF93: 9 | BG93: 9 | BH93: 11 | BK93: 91 | BL93: 5 | BM93: 1
B94: 8 | C94: 92 | D94: 48 | E94: 48 | N94: =COUNT(D94:M94) -> 2 | P94: 8 | Q94: 92 | R94: 96 | X94: =COUNT(R94:W94) -> 1 | AC94: 92 | AD94: 306 | AF94: 360 | AI94: 92 | AJ94: 48 | AK94: 96 | AL94: 48 | AM94: 96 | AN94: 48 | AO94: 96 | AP94: 8 | AU94: 92 | AV94: 4 | AW94: 4 | AX94: 4 | AY94: 5 | AZ94: 6 | BC94: 92 | BD94: 9 | BE94: 9 | BF94: 9 | BG94: 9 | BH94: 11 | BK94: 92 | BL94: 5 | BM94: 1
B95: 9 | C95: 93 | D95: 48 | E95: 48 | N95: =COUNT(D95:M95) -> 2 | P95: 9 | Q95: 93 | R95: 96 | X95: =COUNT(R95:W95) -> 1 | AC95: 93 | AD95: 306 | AF95: 360 | AI95: 93 | AJ95: 48 | AK95: 96 | AL95: 48 | AM95: 96 | AN95: 48 | AO95: 96 | AP95: 8 | AU95: 93 | AV95: 4 | AW95: 4 | AX95: 4 | AY95: 5 | AZ95: 6 | BC95: 93 | BD95: 9 | BE95: 9 | BF95: 9 | BG95: 9 | BH95: 11 | BK95: 93 | BL95: 5 | BM95: 1
B96: 10 | C96: 94 | D96: 48 | E96: 48 | N96: =COUNT(D96:M96) -> 2 | P96: 10 | Q96: 94 | R96: 96 | X96: =COUNT(R96:W96) -> 1 | AC96: 94 | AD96: 306 | AF96: 360 | AI96: 94 | AJ96: 48 | AK96: 96 | AL96: 48 | AM96: 96 | AN96: 48 | AO96: 96 | AP96: 8 | AU96: 94 | AV96: 4 | AW96: 4 | AX96: 4 | AY96: 5 | AZ96: 6 | BC96: 94 | BD96: 9 | BE96: 9 | BF96: 9 | BG96: 9 | BH96: 11 | BK96: 94 | BL96: 5 | BM96: 1
B97: 11 | C97: 95 | D97: 48 | E97: 48 | N97: =COUNT(D97:M97) -> 2 | P97: 11 | Q97: 95 | R97: 96 | X97: =COUNT(R97:W97) -> 1 | AC97: 95 | AD97: 306 | AF97: 360 | AI97: 95 | AJ97: 48 | AK97: 96 | AL97: 48 | AM97: 96 | AN97: 48 | AO97: 96 | AP97: 8 | AU97: 95 | AV97: 4 | AW97: 4 | AX97: 4 | AY97: 5 | AZ97: 6 | BC97: 95 | BD97: 9 | BE97: 9 | BF97: 9 | BG97: 9 | BH97: 11 | BK97: 95 | BL97: 5 | BM97: 1
A98: 8 | C98: 96 | D98: 48 | E98: 48 | N98: =COUNT(D98:M98) -> 2 | O98: 8 | Q98: 96 | R98: 96 | X98: =COUNT(R98:W98) -> 1 | AC98: 96 | AD98: 306 | AF98: 360 | AI98: 96 | AJ98: 48 | AK98: 96 | AL98: 48 | AM98: 96 | AN98: 48 | AO98: 96 | AP98: 8 | AU98: 96 | AV98: 4 | AW98: 4 | AX98: 4 | AY98: 5 | AZ98: 6 | BC98: 96 | BD98: 9 | BE98: 9 | BF98: 9 | BG98: 9 | BH98: 11 | BK98: 96 | BL98: 5 | BM98: 1
B99: 1 | C99: 97 | D99: 48 | E99: 60 | N99: =COUNT(D99:M99) -> 2 | P99: 1 | Q99: 97 | R99: 120 | X99: =COUNT(R99:W99) -> 1 | AC99: 97 | AD99: 325 | AF99: 360 | AI99: 97 | AJ99: 48 | AK99: 96 | AL99: 48 | AM99: 96 | AN99: 48 | AO99: 96 | AP99: 9 | AU99: 97 | AV99: 4 | AW99: 4 | AX99: 4 | AY99: 5 | AZ99: 6 | BC99: 97 | BD99: 9 | BE99: 9 | BF99: 9 | BG99: 9 | BH99: 11 | BK99: 97 | BL99: 5 | BM99: 1
B100: 2 | C100: 98 | D100: 48 | E100: 60 | N100: =COUNT(D100:M100) -> 2 | P100: 2 | Q100: 98 | R100: 120 | X100: =COUNT(R100:W100) -> 1 | AC100: 98 | AD100: 325 | AF100: 360 | AI100: 98 | AJ100: 48 | AK100: 96 | AL100: 48 | AM100: 96 | AN100: 48 | AO100: 96 | AP100: 9 | AU100: 98 | AV100: 4 | AW100: 4 | AX100: 4 | AY100: 5 | AZ100: 6 | BC100: 98 | BD100: 9 | BE100: 9 | BF100: 9 | BG100: 9 | BH100: 11 | BK100: 98 | BL100: 5 | BM100: 1
...

Sheet Nozzles
B1: 1" | C1: 2" | D1: 3" | E1: 4" | F1: 5" | G1: 6" | H1: 8" | I1: 10" | J1: 12" | K1: 14" | L1: 16" | M1: 18" | N1: 20" | O1: 24" | P1: 30"
A2: 0.1875 | B2: 3 | C2: 3 | D2: 3 | E2: 3.5 | F2: 5 | G2: 5 | H2: 7 | I2: 8 | J2: 10 | K2: 12 | L2: 13 | M2: 14 | N2: 16 | O2: 18 | P2: 22
A3: 0.25 | B3: 3 | C3: 3 | D3: 3 | E3: 3.5 | F3: 5 | G3: 5 | H3: 7 | I3: 8 | J3: 10 | K3: 12 | L3: 13 | M3: 14 | N3: 16 | O3: 18 | P3: 22
A4: 0.3125 | B4: 3 | C4: 3 | D4: 3 | E4: 3.5 | F4: 5 | G4: 5 | H4: 7 | I4: 8 | J4: 10 | K4: 12 | L4: 13 | M4: 14 | N4: 16 | O4: 18 | P4: 22
A5: 0.375 | B5: 3.3 | C5: 3.3 | D5: 3.3 | E5: 4 | F5: 5.5 | G5: 5.5 | H5: 7.5 | I5: 8.5 | J5: 10.5 | K5: 13 | L5: 15 | M5: 16 | N5: 18 | O5: 20 | P5: 24
A6: 0.5 | B6: 4 | C6: 4 | D6: 4 | E6: 5.5 | F6: 7.5 | G6: 7.5 | H6: 9 | I6: 11 | J6: 13.5 | K6: 17 | L6: 20 | M6: 22 | N6: 25 | O6: 26 | P6: 32
A9: 14" and up nozzle necks cost
B10: 0.1875 | C10: 0.25 | D10: 0.3125 | E10: 0.375 | F10: 0.5
A11: 14 | B11: {=12*44*IF(MAIN!$G$4="sa36",7.66,8.58)/144*_xlfn.IFS(MAIN!$G$4="sa36",[1]Plate!$C$31,MAIN!G4=304,[1]Plate!$I$4,MAIN!$G$4=316,[1]Plate!$O$4)} -> #N/A | C11: {=12*44*IF(MAIN!$G$4="sa36",10.21,11.16)/144*_xlfn.IFS(MAIN!$G$4="sa36",[1]Plate!$C$32,MAIN!G4=304,[1]Plate!$I$5,MAIN!$G$4=316,[1]Plate!$O$5)} -> #N/A | D11: {=12*44*IF(MAIN!$G$4="sa36",12.76,13.75)/144*_xlfn.IFS(MAIN!$G$4="sa36",[1]Plate!$C$33,MAIN!G4=304,[1]Plate!$I$6,MAIN!$G$4=316,[1]Plate!$O$6)} -> #N/A | E11: {=12*44*IF(MAIN!$G$4="sa36",15.32,16.5)/144*_xlfn.IFS(MAIN!$G$4="sa36",[1]Plate!$C$34,MAIN!G4=304,[1]Plate!$I$7,MAIN!$G$4=316,[1]Plate!$O$7)} -> #N/A | F11: {=12*44*IF(MAIN!$G$4="sa36",20.42,21.66)/144*_xlfn.IFS(MAIN!$G$4="sa36",[1]Plate!$C$35,MAIN!G4=304,[1]Plate!$I$8,MAIN!$G$4=316,[1]Plate!$O$8)} -> #N/A
A12: 16 | B12: {=12*51*IF(MAIN!$G$4="sa36",7.66,8.58)/144*_xlfn.IFS(MAIN!$G$4="sa36",[1]Plate!$C$31,MAIN!G4=304,[1]Plate!$I$4,MAIN!$G$4=316,[1]Plate!$O$4)} -> #N/A | C12: {=12*51*IF(MAIN!$G$4="sa36",10.21,11.16)/144*_xlfn.IFS(MAIN!$G$4="sa36",[1]Plate!$C$32,MAIN!G4=304,[1]Plate!$I$5,MAIN!$G$4=316,[1]Plate!$O$5)} -> #N/A | D12: {=12*51*IF(MAIN!$G$4="sa36",12.76,13.75)/144*_xlfn.IFS(MAIN!$G$4="sa36",[1]Plate!$C$33,MAIN!G4=304,[1]Plate!$I$6,MAIN!$G$4=316,[1]Plate!$O$6)} -> #N/A | E12: {=12*51*IF(MAIN!$G$4="sa36",15.32,16.5)/144*_xlfn.IFS(MAIN!$G$4="sa36",[1]Plate!$C$34,MAIN!G4=304,[1]Plate!$I$7,MAIN!$G$4=316,[1]Plate!$O$7)} -> #N/A | F12: {=12*51*IF(MAIN!$G$4="sa36",20.42,21.66)/144*_xlfn.IFS(MAIN!$G$4="sa36",[1]Plate!$C$35,MAIN!G4=304,[1]Plate!$I$8,MAIN!$G$4=316,[1]Plate!$O$8)} -> #N/A | L12: 20 | M12: 1 | N12: 12" X 63"
A13: 18 | B13: {=12*57*IF(MAIN!$G$4="sa36",7.66,8.58)/144*_xlfn.IFS(MAIN!$G$4="sa36",[1]Plate!$C$31,MAIN!G4=304,[1]Plate!$I$4,MAIN!$G$4=316,[1]Plate!$O$4)} -> #N/A | C13: {=12*57*IF(MAIN!$G$4="sa36",10.21,11.16)/144*_xlfn.IFS(MAIN!$G$4="sa36",[1]Plate!$C$32,MAIN!G4=304,[1]Plate!$I$5,MAIN!$G$4=316,[1]Plate!$O$5)} -> #N/A | D13: {=12*57*IF(MAIN!$G$4="sa36",12.76,13.75)/144*_xlfn.IFS(MAIN!$G$4="sa36",[1]Plate!$C$33,MAIN!G4=304,[1]Plate!$I$6,MAIN!$G$4=316,[1]Plate!$O$6)} -> #N/A | E13: {=12*57*IF(MAIN!$G$4="sa36",15.32,16.5)/144*_xlfn.IFS(MAIN!$G$4="sa36",[1]Plate!$C$34,MAIN!G4=304,[1]Plate!$I$7,MAIN!$G$4=316,[1]Plate!$O$7)} -> #N/A | F13: {=12*57*IF(MAIN!$G$4="sa36",20.42,21.66)/144*_xlfn.IFS(MAIN!$G$4="sa36",[1]Plate!$C$35,MAIN!G4=304,[1]Plate!$I$8,MAIN!$G$4=316,[1]Plate!$O$8)} -> #N/A | L13: 24 | M13: 1 | N13: 12" X 76"
A14: 20 | B14: {=12*63*IF(MAIN!$G$4="sa36",7.66,8.58)/144*_xlfn.IFS(MAIN!$G$4="sa36",[1]Plate!$C$31,MAIN!G4=304,[1]Plate!$I$4,MAIN!$G$4=316,[1]Plate!$O$4)} -> #N/A | C14: {=12*63*IF(MAIN!$G$4="sa36",10.21,11.16)/144*_xlfn.IFS(MAIN!$G$4="sa36",[1]Plate!$C$32,MAIN!G4=304,[1]Plate!$I$5,MAIN!$G$4=316,[1]Plate!$O$5)} -> #N/A | D14: {=12*63*IF(MAIN!$G$4="sa36",12.76,13.75)/144*_xlfn.IFS(MAIN!$G$4="sa36",[1]Plate!$C$33,MAIN!G4=304,[1]Plate!$I$6,MAIN!$G$4=316,[1]Plate!$O$6)} -> #N/A | E14: {=12*63*IF(MAIN!$G$4="sa36",15.32,16.5)/144*_xlfn.IFS(MAIN!$G$4="sa36",[1]Plate!$C$34,MAIN!G4=304,[1]Plate!$I$7,MAIN!$G$4=316,[1]Plate!$O$7)} -> #N/A | F14: {=12*63*IF(MAIN!$G$4="sa36",20.42,21.66)/144*_xlfn.IFS(MAIN!$G$4="sa36",[1]Plate!$C$35,MAIN!G4=304,[1]Plate!$I$8,MAIN!$G$4=316,[1]Plate!$O$8)} -> #N/A | L14: 30 | M14: 1 | N14: 12" X 95"
A15: 24 | B15: {=12*76*IF(MAIN!$G$4="sa36",7.66,8.58)/144*_xlfn.IFS(MAIN!$G$4="sa36",[1]Plate!$C$31,MAIN!G4=304,[1]Plate!$I$4,MAIN!$G$4=316,[1]Plate!$O$4)} -> #N/A | C15: {=12*76*IF(MAIN!$G$4="sa36",10.21,11.16)/144*_xlfn.IFS(MAIN!$G$4="sa36",[1]Plate!$C$32,MAIN!G4=304,[1]Plate!$I$5,MAIN!$G$4=316,[1]Plate!$O$5)} -> #N/A | D15: {=12*76*IF(MAIN!$G$4="sa36",12.76,13.75)/144*_xlfn.IFS(MAIN!$G$4="sa36",[1]Plate!$C$33,MAIN!G4=304,[1]Plate!$I$6,MAIN!$G$4=316,[1]Plate!$O$6)} -> #N/A | E15: {=12*76*IF(MAIN!$G$4="sa36",15.32,16.5)/144*_xlfn.IFS(MAIN!$G$4="sa36",[1]Plate!$C$34,MAIN!G4=304,[1]Plate!$I$7,MAIN!$G$4=316,[1]Plate!$O$7)} -> #N/A | F15: {=12*76*IF(MAIN!$G$4="sa36",20.42,21.66)/144*_xlfn.IFS(MAIN!$G$4="sa36",[1]Plate!$C$35,MAIN!G4=304,[1]Plate!$I$8,MAIN!$G$4=316,[1]Plate!$O$8)} -> #N/A
A16: 30 | B16: {=12*95*IF(MAIN!$G$4="sa36",7.66,8.58)/144*_xlfn.IFS(MAIN!$G$4="sa36",[1]Plate!$C$31,MAIN!G4=304,[1]Plate!$I$4,MAIN!$G$4=316,[1]Plate!$O$4)} -> #N/A | C16: {=12*95*IF(MAIN!$G$4="sa36",10.21,11.16)/144*_xlfn.IFS(MAIN!$G$4="sa36",[1]Plate!$C$32,MAIN!G4=304,[1]Plate!$I$5,MAIN!$G$4=316,[1]Plate!$O$5)} -> #N/A | D16: {=12*95*IF(MAIN!$G$4="sa36",12.76,13.75)/144*_xlfn.IFS(MAIN!$G$4="sa36",[1]Plate!$C$33,MAIN!G4=304,[1]Plate!$I$6,MAIN!$G$4=316,[1]Plate!$O$6)} -> #N/A | E16: {=12*95*IF(MAIN!$G$4="sa36",15.32,16.5)/144*_xlfn.IFS(MAIN!$G$4="sa36",[1]Plate!$C$34,MAIN!G4=304,[1]Plate!$I$7,MAIN!$G$4=316,[1]Plate!$O$7)} -> #N/A | F16: {=12*95*IF(MAIN!$G$4="sa36",20.42,21.66)/144*_xlfn.IFS(MAIN!$G$4="sa36",[1]Plate!$C$35,MAIN!G4=304,[1]Plate!$I$8,MAIN!$G$4=316,[1]Plate!$O$8)} -> #N/A
A18: pipe cost
B19: sa36 | D19: 304 | F19: 316 | L19: manway flanges & blinds
A20: size | B20: sch 40 | C20: sch80 | D20: sch 40 | E20: sch80 | F20: sch 40 | G20: sch80 | M20: api flange | P20: api cover | S20: rfso | V20: rfwn | Y20: blind
A21: 0.5 | B21: =[1]master!$AC$92 -> 0 | C21: =[1]master!$AL$92 -> 0 | D21: =[1]master!$BB$92 -> 7 | E21: =[1]master!$BK$92 -> 0 | F21: =[1]master!$CB$92 -> 11 | G21: =[1]master!$CK$92 -> 0 | M21: 36 | N21: 304 | O21: 316 | P21: 36 | Q21: 304 | R21: 316 | S21: 36 | T21: 304 | U21: 316 | V21: 36 | W21: 304 | X21: 316 | Y21: 36 | Z21: 304 | AA21: 316
A22: 1 | B22: =[1]master!$AC$92 -> 0 | C22: =[1]master!$AL$92 -> 0 | D22: =[1]master!$BB$92 -> 7 | E22: =[1]master!$BK$92 -> 0 | F22: =[1]master!$CB$92 -> 11 | G22: =[1]master!$CK$92 -> 0 | L22: 20 | M22: =[1]master!$AC$201 -> 0 | N22: =[1]master!$BB$200 -> 0 | O22: =[1]master!$CB$200 -> 0 | P22: =[1]master!$AC$202 -> 0 | Q22: =[1]master!$BB$201 -> 0 | R22: =[1]master!$CB$201 -> 0 | S22: =[1]master!$AC$17 -> 0 | T22: =[1]master!$BB17 -> 0 | U22: =[1]master!$CB17 -> 0 | V22: =[1]master!$AC36 -> 0 | W22: =[1]master!$BB36 -> 0 | X22: =[1]master!$CB36 -> 0 | Y22: =[1]master!$AL17 -> 0 | Z22: =[1]master!$BK17 -> 1500 | AA22: =[1]master!$CK17 -> 0
A23: 1.5 | B23: =[1]master!$AC$93 -> 0 | C23: =[1]master!$AL$93 -> 0 | D23: =[1]master!$BB$93 -> 0 | E23: =[1]master!$BK$93 -> 0 | F23: =[1]master!$CB$93 -> 20 | G23: =[1]master!$CK$93 -> 0 | L23: 24 | M23: =[1]master!$AC$207 -> 400 | N23: =[1]master!$BB$206 -> 855 | O23: =[1]master!$CB$206 -> 1090 | P23: =[1]master!$AC$208 -> 450 | Q23: =[1]master!$BB$207 -> 900 | R23: =[1]master!$CB$207 -> 1155 | S23: =[1]master!$AC$18 -> 0 | T23: =[1]master!$BB18 -> 1085 | U23: =[1]master!$CB18 -> 2125 | V23: =[1]master!$AC37 -> 0 | W23: =[1]master!$BB37 -> 0 | X23: =[1]master!$CB37 -> 0 | Y23: =[1]master!$AL18 -> 0 | Z23: =[1]master!$BK18 -> 0 | AA23: =[1]master!$CK18 -> 2615
A24: 2 | B24: =[1]master!$AC$94 -> 0 | C24: =[1]master!$AL$94 -> 0 | D24: =[1]master!$BB$94 -> 14 | E24: =[1]master!$BK$94 -> 0 | F24: =[1]master!$CB$94 -> 25 | G24: =[1]master!$CK$94 -> 0 | L24: 30 | M24: =[1]master!$AC$213 -> 0 | N24: =[1]master!$BB$212 -> 1000 | O24: =[1]master!$CB$212 -> 0 | P24: =[1]master!$AC$214 -> 0 | Q24: =[1]master!$BB$213 -> 1050 | R24: =[1]master!$CB$213 -> 0 | S24: =[1]master!$AC$19 -> 0 | T24: =[1]master!$BB19 -> 0 | U24: =[1]master!$CB19 -> 0 | V24: =[1]master!$AC38 -> 0 | W24: =[1]master!$BB38 -> 0 | X24: =[1]master!$CB38 -> 0 | Y24: =[1]master!$AL19 -> 0 | Z24: =[1]master!$BK19 -> 0 | AA24: =[1]master!$CK19 -> 0
A25: 3 | B25: =[1]master!$AC$95 -> 0 | C25: =[1]master!$AL$95 -> 0 | D25: =[1]master!$BB$95 -> 36 | E25: =[1]master!$BK$95 -> 0 | F25: =[1]master!$CB$95 -> 50 | G25: =[1]master!$CK$95 -> 0
A26: 4 | B26: =[1]master!$AC$96 -> 0 | C26: =[1]master!$AL$96 -> 0 | D26: =[1]master!$BB$96 -> 50 | E26: =[1]master!$BK$96 -> 0 | F26: =[1]master!$CB$96 -> 65 | G26: =[1]master!$CK$96 -> 0
A27: 5 | B27: =[1]master!$AC$97 -> 0 | C27: =[1]master!$AL$97 -> 0 | D27: =[1]master!$BB$97 -> 0 | E27: =[1]master!$BK$97 -> 0 | F27: =[1]master!$CB$97 -> 0 | G27: =[1]master!$CK$97 -> 0
A28: 6 | B28: =[1]master!$AC$98 -> 112 | C28: =[1]master!$AL$98 -> 0 | D28: =[1]master!$BB$98 -> 89 | E28: =[1]master!$BK$98 -> 0 | F28: =[1]master!$CB$98 -> 155 | G28: =[1]master!$CK$98 -> 0
A29: 8 | B29: =[1]master!$AC$99 -> 121 | C29: =[1]master!$AL$99 -> 0 | D29: =[1]master!$BB$99 -> 121 | E29: =[1]master!$BK$99 -> 0 | F29: =[1]master!$CB$99 -> 205 | G29: =[1]master!$CK$99 -> 0 | L29: SA36 | O29: 304 | R29: 316
A30: 10 | B30: =[1]master!$AC$100 -> 0 | C30: =[1]master!$AL$100 -> 0 | D30: =[1]master!$BB$100 -> 177 | E30: =[1]master!$BK$100 -> 0 | F30: =[1]master!$CB$100 -> 0 | G30: =[1]master!$CK$100 -> 0 | K30: FLANGES | L30: RFSO | M30: RFWN | N30: BLIND | O30: RFSO | P30: RFWN | Q30: BLIND | R30: RFSO | S30: RFWN | T30: BLIND
A31: 12 | B31: =[1]master!$AC$101 -> 0 | C31: =[1]master!$AL$101 -> 0 | D31: =[1]master!$BB$101 -> 232 | E31: =[1]master!$BK$101 -> 0 | F31: =[1]master!$CB$101 -> 0 | G31: =[1]master!$CK$101 -> 0 | K31: 0.5 | L31: =[1]master!$AC$4 -> 0 | M31: =[1]master!$AC$23 -> 0 | N31: =[1]master!$AL$4 -> 0 | O31: =[1]master!$BB$4 -> 0 | P31: =[1]master!$BB$23 -> 22 | Q31: =[1]master!$BK$4 -> 0 | R31: =[1]master!$CB$4 -> 27 | S31: =[1]master!$CB$23 -> 0 | T31: =[1]master!$CK$4 -> 27
K32: 1 | L32: =[1]master!$AC$4 -> 0 | M32: =[1]master!$AC$23 -> 0 | N32: =[1]master!$AL$4 -> 0 | O32: =[1]master!$BB4 -> 0 | P32: =[1]master!$BB23 -> 22 | Q32: =[1]master!$BK4 -> 0 | R32: =[1]master!$CB4 -> 27 | S32: =[1]master!$CB23 -> 0 | T32: =[1]master!$CK4 -> 27
K33: 1.5 | L33: =[1]master!$AC$5 -> 0 | M33: =[1]master!$AC$24 -> 0 | N33: =[1]master!$AL$5 -> 0 | O33: =[1]master!$BB5 -> 0 | P33: =[1]master!$BB24 -> 0 | Q33: =[1]master!$BK5 -> 0 | R33: =[1]master!$CB5 -> 32 | S33: =[1]master!$CB24 -> 0 | T33: =[1]master!$CK5 -> 0
K34: 2 | L34: =[1]master!$AC$6 -> 0 | M34: =[1]master!$AC$25 -> 0 | N34: =[1]master!$AL$6 -> 0 | O34: =[1]master!$BB6 -> 0 | P34: =[1]master!$BB25 -> 33 | Q34: =[1]master!$BK6 -> 0 | R34: =[1]master!$CB6 -> 43 | S34: =[1]master!$CB25 -> 0 | T34: =[1]master!$CK6 -> 0
K35: 3 | L35: =[1]master!$AC$7 -> 0 | M35: =[1]master!$AC$26 -> 0 | N35: =[1]master!$AL$7 -> 17 | O35: =[1]master!$BB7 -> 48 | P35: =[1]master!$BB26 -> 54 | Q35: =[1]master!$BK7 -> 49 | R35: =[1]master!$CB7 -> 68 | S35: =[1]master!$CB26 -> 0 | T35: =[1]master!$CK7 -> 69
K36: 4 | L36: =[1]master!$AC$8 -> 0 | M36: =[1]master!$AC$27 -> 0 | N36: =[1]master!$AL$8 -> 0 | O36: =[1]master!$BB8 -> 0 | P36: =[1]master!$BB27 -> 75 | Q36: =[1]master!$BK8 -> 0 | R36: =[1]master!$CB8 -> 94 | S36: =[1]master!$CB27 -> 0 | T36: =[1]master!$CK8 -> 102
K37: 5 | L37: =[1]master!$AC$9 -> 0 | M37: =[1]master!$AC$28 -> 0 | N37: =[1]master!$AL$9 -> 0 | O37: =[1]master!$BB9 -> 0 | P37: =[1]master!$BB28 -> 0 | Q37: =[1]master!$BK9 -> 0 | R37: =[1]master!$CB9 -> 0 | S37: =[1]master!$CB28 -> 0 | T37: =[1]master!$CK9 -> 0
K38: 6 | L38: =[1]master!$AC$10 -> 0 | M38: =[1]master!$AC$29 -> 0 | N38: =[1]master!$AL$10 -> 0 | O38: =[1]master!$BB10 -> 99 | P38: =[1]master!$BB29 -> 129 | Q38: =[1]master!$BK10 -> 107 | R38: =[1]master!$CB10 -> 0 | S38: =[1]master!$CB29 -> 0 | T38: =[1]master!$CK10 -> 153
K39: 8 | L39: =[1]master!$AC$11 -> 0 | M39: =[1]master!$AC$30 -> 0 | N39: =[1]master!$AL$11 -> 0 | O39: =[1]master!$BB11 -> 0 | P39: =[1]master!$BB30 -> 217 | Q39: =[1]master!$BK11 -> 0 | R39: =[1]master!$CB11 -> 268 | S39: =[1]master!$CB30 -> 0 | T39: =[1]master!$CK11 -> 0
K40: 10 | L40: =[1]master!$AC$12 -> 0 | M40: =[1]master!$AC$31 -> 0 | N40: =[1]master!$AL$12 -> 0 | O40: =[1]master!$BB12 -> 0 | P40: =[1]master!$BB31 -> 321 | Q40: =[1]master!$BK12 -> 318 | R40: =[1]master!$CB12 -> 0 | S40: =[1]master!$CB31 -> 0 | T40: =[1]master!$CK12 -> 0
K41: 12 | L41: =[1]master!$AC$13 -> 0 | M41: =[1]master!$AC$32 -> 0 | N41: =[1]master!$AL$13 -> 0 | O41: =[1]master!$BB13 -> 0 | P41: =[1]master!$BB32 -> 500 | Q41: =[1]master!$BK13 -> 401 | R41: =[1]master!$CB13 -> 0 | S41: =[1]master!$CB32 -> 0 | T41: =[1]master!$CK13 -> 0
K42: 14 | L42: =[1]master!$AC$14 -> 0 | M42: =[1]master!$AC$33 -> 0 | N42: =[1]master!$AL$14 -> 0 | O42: =[1]master!$BB14 -> 545 | P42: =[1]master!$BB33 -> 0 | Q42: =[1]master!$BK14 -> 0 | R42: =[1]master!$CB14 -> 0 | S42: =[1]master!$CB33 -> 0 | T42: =[1]master!$CK14 -> 0
K43: 16 | L43: =[1]master!$AC$15 -> 0 | M43: =[1]master!$AC$34 -> 0 | N43: =[1]master!$AL$15 -> 0 | O43: =[1]master!$BB15 -> 0 | P43: =[1]master!$BB34 -> 695 | Q43: =[1]master!$BK15 -> 0 | R43: =[1]master!$CB15 -> 750 | S43: =[1]master!$CB34 -> 0 | T43: =[1]master!$CK15 -> 0
K44: 18 | L44: =[1]master!$AC$16 -> 0 | M44: =[1]master!$AC$35 -> 0 | N44: =[1]master!$AL$16 -> 0 | O44: =[1]master!$BB16 -> 0 | P44: =[1]master!$BB35 -> 0 | Q44: =[1]master!$BK16 -> 0 | R44: =[1]master!$CB16 -> 785 | S44: =[1]master!$CB35 -> 0 | T44: =[1]master!$CK16 -> 0
K45: 20 | L45: =[1]master!$AC$17 -> 0 | M45: =[1]master!$AC$36 -> 0 | N45: =[1]master!$AL$17 -> 0 | O45: =[1]master!$BB17 -> 0 | P45: =[1]master!$BB36 -> 0 | Q45: =[1]master!$BK17 -> 1500 | R45: =[1]master!$CB17 -> 0 | S45: =[1]master!$CB36 -> 0 | T45: =[1]master!$CK17 -> 0
K46: 24 | L46: =[1]master!$AC$18 -> 0 | M46: =[1]master!$AC$37 -> 0 | N46: =[1]master!$AL$18 -> 0 | O46: =[1]master!$BB18 -> 1085 | P46: =[1]master!$BB37 -> 0 | Q46: =[1]master!$BK18 -> 0 | R46: =[1]master!$CB18 -> 2125 | S46: =[1]master!$CB37 -> 0 | T46: =[1]master!$CK18 -> 2615
K47: 30 | L47: =[1]master!$AC$19 -> 0 | M47: =[1]master!$AC$38 -> 0 | N47: =[1]master!$AL$19 -> 0 | O47: =[1]master!$BB19 -> 0 | P47: =[1]master!$BB38 -> 0 | Q47: =[1]master!$BK19 -> 0 | R47: =[1]master!$CB19 -> 0 | S47: =[1]master!$CB38 -> 0 | T47: =[1]master!$CK19 -> 0
